﻿Date,Transaction_Value,Transaction_Type,Gender,Age,Occupation,Industry
03/08/2018,1500,Instant_Transfer,M,20,Clerk,Technology
03/09/2018,1500,Instant_Transfer,M,20,Clerk,Technology
15/09/2018,2090,Duit_Now,M,20,Clerk,Technology
16/09/2018,9675,Duit_Now,M,20,Clerk,Technology
03/10/2018,1500,IBG,M,20,Clerk,Technology
03/11/2018,1500,IBG,M,20,Clerk,Technology
23/11/2018,4586,Duit_Now,M,20,Clerk,Technology
24/11/2018,9122,IBG,M,20,Clerk,Technology
03/12/2018,1500,Duit_Now,M,20,Clerk,Technology
03/01/2019,1500,Instant_Transfer,M,20,Clerk,Technology
31/01/2019,8769,Instant_Transfer,M,20,Clerk,Technology
01/02/2019,6713,IBG,M,20,Clerk,Technology
01/02/2019,3453,Duit_Now,M,20,Clerk,Technology
03/02/2019,1500,Duit_Now,M,20,Clerk,Technology
03/03/2019,1500,Duit_Now,M,20,Clerk,Technology
03/04/2019,1500,IBG,M,20,Clerk,Technology
03/05/2019,1500,IBG,M,20,Clerk,Technology
28/05/2019,8382,Instant_Transfer,M,20,Clerk,Technology
03/06/2019,1500,Instant_Transfer,M,20,Clerk,Technology
03/07/2019,1500,IBG,M,20,Clerk,Technology
03/08/2019,1500,Duit_Now,M,20,Clerk,Technology
19/08/2019,2686,Duit_Now,M,20,Clerk,Technology
03/09/2019,1500,IBG,M,20,Clerk,Technology
03/10/2019,1500,Duit_Now,M,20,Clerk,Technology
05/10/2019,1545,Instant_Transfer,M,20,Clerk,Technology
12/10/2019,2402,IBG,M,20,Clerk,Technology
03/11/2019,1500,IBG,M,20,Clerk,Technology
03/12/2019,1500,IBG,M,20,Clerk,Technology
12/12/2019,3781,Duit_Now,M,20,Clerk,Technology
03/01/2020,1500,Instant_Transfer,M,20,Clerk,Technology
19/01/2020,6877,IBG,M,20,Clerk,Technology
03/02/2020,1500,IBG,M,20,Clerk,Technology
03/02/2020,8727,Duit_Now,M,20,Clerk,Technology
22/02/2020,4192,IBG,M,20,Clerk,Technology
03/03/2020,1500,Duit_Now,M,20,Clerk,Technology
09/05/2020,5000,IBG,M,20,Clerk,Technology
20/05/2020,2334,Instant_Transfer,M,20,Clerk,Technology
21/05/2020,440,Instant_Transfer,M,20,Clerk,Technology
18/06/2020,9684,IBG,M,20,Clerk,Technology
18/07/2020,711,Instant_Transfer,M,20,Clerk,Technology