,Date,StringTransactionValue,Gender,Industry,Check
0,01/01/2019,1500,m,technology,OneTime
1,02/01/2019,500,m,technology,Repetitive
2,03/01/2019,600,m,finance,Repetitive
3,04/01/2019,8000,m,tourism,Repetitive
4,07/01/2019,980,f,oil and gas,Repetitive
5,09/01/2019,282,m,plantation,Repetitive
6,10/01/2019,100,f,technology,OneTime
7,11/01/2019,15000,f,logistic,Repetitive
8,13/01/2019,1500,m,technology,Repetitive
9,01/02/2019,1500,m,technology,OneTime
10,02/02/2019,500,m,technology,Repetitive
11,03/02/2019,600,m,finance,Repetitive
12,04/02/2019,8000,m,tourism,Repetitive
13,07/02/2019,980,f,oil and gas,Repetitive
14,09/02/2019,282,m,plantation,Repetitive
15,10/02/2019,100,f,technology,OneTime
16,11/02/2019,15000,f,logistic,Repetitive
17,12/02/2019,10000,m,health,OneTime
18,12/02/2019,10000,m,health,OneTime
19,12/02/2019,10000,m,health,OneTime
20,12/02/2019,10000,m,health,OneTime
21,12/02/2019,10000,m,health,OneTime
22,12/02/2019,10000,m,health,OneTime
23,12/02/2019,10000,m,health,OneTime
24,12/02/2019,10000,m,health,OneTime
25,12/02/2019,10000,m,health,OneTime
26,12/02/2019,10000,m,health,OneTime
27,12/02/2019,10000,m,health,OneTime
28,12/02/2019,10000,m,health,OneTime
29,12/02/2019,10000,m,health,OneTime
30,12/02/2019,10000,m,health,OneTime
31,12/02/2019,10000,m,health,OneTime
32,12/02/2019,10000,m,health,OneTime
33,12/02/2019,10000,m,health,OneTime
34,12/02/2019,10000,m,health,OneTime
35,12/02/2019,10000,m,health,OneTime
36,12/02/2019,10000,m,health,OneTime
37,13/02/2019,1500,m,technology,Repetitive
38,01/03/2019,1500,m,technology,OneTime
39,02/03/2019,500,m,technology,Repetitive
40,03/03/2019,600,m,finance,Repetitive
41,04/03/2019,8000,m,tourism,Repetitive
42,07/03/2019,980,f,oil and gas,Repetitive
43,09/03/2019,282,m,plantation,Repetitive
44,10/03/2019,100,f,technology,Repetitive
45,11/03/2019,15000,f,logistic,Repetitive
46,13/03/2019,1500,m,technology,Repetitive
47,01/04/2019,1500,m,technology,Repetitive
48,02/04/2019,500,m,technology,Repetitive
49,03/04/2019,600,m,finance,Repetitive
50,04/04/2019,8000,m,tourism,Repetitive
51,07/04/2019,980,f,oil and gas,Repetitive
52,09/04/2019,282,m,plantation,Repetitive
53,10/04/2019,100,f,technology,Repetitive
54,11/04/2019,15000,f,logistic,Repetitive
55,13/04/2019,1500,m,technology,Repetitive
56,01/05/2019,1500,m,technology,OneTime
57,02/05/2019,500,m,technology,Repetitive
58,03/05/2019,600,m,finance,Repetitive
59,04/05/2019,8000,m,tourism,Repetitive
60,07/05/2019,980,f,oil and gas,Repetitive
61,09/05/2019,282,m,plantation,Repetitive
62,10/05/2019,100,f,technology,OneTime
63,11/05/2019,15000,f,logistic,Repetitive
64,13/05/2019,1500,m,technology,Repetitive
65,01/06/2019,1500,m,technology,OneTime
66,02/06/2019,500,m,technology,Repetitive
67,03/06/2019,600,m,finance,Repetitive
68,04/06/2019,8000,m,tourism,Repetitive
69,07/06/2019,980,f,oil and gas,Repetitive
70,09/06/2019,282,m,plantation,Repetitive
71,10/06/2019,100,f,technology,OneTime
72,11/06/2019,15000,f,logistic,Repetitive
73,13/06/2019,1500,m,technology,Repetitive
74,01/07/2019,1500,m,technology,OneTime
75,02/07/2019,500,m,technology,Repetitive
76,03/07/2019,600,m,finance,Repetitive
77,04/07/2019,8000,m,tourism,Repetitive
78,07/07/2019,980,f,oil and gas,Repetitive
79,09/07/2019,282,m,plantation,Repetitive
80,10/07/2019,100,f,technology,Repetitive
81,11/07/2019,15000,f,logistic,Repetitive
82,13/07/2019,1500,m,technology,Repetitive
83,01/08/2019,1500,m,technology,OneTime
84,02/08/2019,500,m,technology,Repetitive
85,03/08/2019,600,m,finance,Repetitive
86,04/08/2019,8000,m,tourism,Repetitive
87,07/08/2019,980,f,oil and gas,Repetitive
88,09/08/2019,282,m,plantation,Repetitive
89,10/08/2019,100,f,technology,OneTime
90,11/08/2019,15000,f,logistic,Repetitive
91,13/08/2019,1500,m,technology,Repetitive
92,15/08/2019,8826,m,construction,OneTime
93,16/08/2019,4610,f,f&b,OneTime
94,18/08/2019,5177,m,f&b,OneTime
95,19/08/2019,8354,f,f&b,OneTime
96,20/08/2019,1283,f,engineering,OneTime
97,21/08/2019,9485,f,plantation,OneTime
98,22/08/2019,6574,m,engineering,OneTime
99,22/08/2019,3008,m,f&b,OneTime
100,23/08/2019,9745,m,technology,OneTime
101,24/08/2019,2826,m,engineering,OneTime
102,26/08/2019,2349,f,f&b,OneTime
103,27/08/2019,3593,m,plantation,OneTime
104,27/08/2019,1751,f,manufacturing,OneTime
105,28/08/2019,6796,f,technology,OneTime
106,28/08/2019,9797,m,construction,OneTime
107,28/08/2019,161,m,tourism,OneTime
108,29/08/2019,8043,m,engineering,OneTime
109,29/08/2019,8525,m,construction,OneTime
110,29/08/2019,3484,f,plantation,OneTime
111,31/08/2019,6395,f,tourism,OneTime
112,01/09/2019,1500,m,technology,OneTime
113,01/09/2019,164,f,manufacturing,OneTime
114,01/09/2019,609,m,manufacturing,OneTime
115,02/09/2019,500,m,technology,Repetitive
116,03/09/2019,600,m,finance,Repetitive
117,03/09/2019,7424,f,plantation,Repetitive
118,04/09/2019,8000,m,tourism,Repetitive
119,06/09/2019,3064,m,tourism,OneTime
120,07/09/2019,980,f,oil and gas,Repetitive
121,08/09/2019,7879,m,manufacturing,OneTime
122,09/09/2019,282,m,plantation,Repetitive
123,10/09/2019,100,f,technology,Repetitive
124,11/09/2019,15000,f,logistic,Repetitive
125,11/09/2019,9358,f,tourism,OneTime
126,11/09/2019,1693,m,engineering,OneTime
127,12/09/2019,9509,m,construction,OneTime
128,12/09/2019,6025,f,plantation,OneTime
129,13/09/2019,1500,m,technology,Repetitive
130,13/09/2019,3485,f,tourism,Repetitive
131,13/09/2019,9849,f,technology,Repetitive
132,13/09/2019,1873,m,engineering,OneTime
133,14/09/2019,8393,f,f&b,OneTime
134,16/09/2019,7386,f,engineering,OneTime
135,16/09/2019,9936,f,plantation,OneTime
136,17/09/2019,2950,m,plantation,OneTime
137,18/09/2019,9948,f,engineering,OneTime
138,20/09/2019,7388,f,technology,OneTime
139,22/09/2019,9382,f,f&b,OneTime
140,22/09/2019,4116,f,manufacturing,OneTime
141,23/09/2019,9471,f,manufacturing,OneTime
142,23/09/2019,5958,f,construction,OneTime
143,25/09/2019,2666,m,tourism,OneTime
144,26/09/2019,1157,f,technology,OneTime
145,29/09/2019,8035,f,engineering,OneTime
146,01/10/2019,1500,m,technology,OneTime
147,02/10/2019,500,m,technology,Repetitive
148,02/10/2019,9486,m,construction,OneTime
149,03/10/2019,600,m,finance,Repetitive
150,04/10/2019,8000,m,tourism,Repetitive
151,04/10/2019,5898,f,f&b,Repetitive
152,06/10/2019,4274,f,construction,OneTime
153,07/10/2019,980,f,oil and gas,Repetitive
154,07/10/2019,342,f,f&b,Repetitive
155,08/10/2019,7839,m,construction,OneTime
156,09/10/2019,282,m,plantation,Repetitive
157,09/10/2019,4383,m,plantation,Repetitive
158,09/10/2019,669,f,engineering,OneTime
159,10/10/2019,100,f,technology,Repetitive
160,11/10/2019,15000,f,logistic,Repetitive
161,11/10/2019,1175,f,plantation,Repetitive
162,11/10/2019,1266,f,f&b,OneTime
163,12/10/2019,9952,m,technology,OneTime
164,12/10/2019,7058,f,technology,OneTime
165,13/10/2019,1500,m,technology,Repetitive
166,13/10/2019,4667,m,f&b,Repetitive
167,13/10/2019,4780,f,construction,OneTime
168,13/10/2019,7231,f,f&b,Repetitive
169,15/10/2019,702,m,technology,OneTime
170,15/10/2019,1386,f,f&b,OneTime
171,16/10/2019,2627,m,f&b,OneTime
172,18/10/2019,9402,m,plantation,OneTime
173,19/10/2019,4950,m,f&b,OneTime
174,20/10/2019,1234,m,tourism,OneTime
175,21/10/2019,5727,f,construction,OneTime
176,22/10/2019,8195,f,plantation,OneTime
177,22/10/2019,7410,f,technology,OneTime
178,23/10/2019,2036,m,construction,OneTime
179,26/10/2019,7896,m,plantation,OneTime
180,30/10/2019,3417,f,technology,OneTime
181,30/10/2019,7092,f,tourism,OneTime
182,01/11/2019,1500,m,technology,OneTime
183,01/11/2019,268,f,manufacturing,OneTime
184,01/11/2019,986,f,technology,OneTime
185,02/11/2019,500,m,technology,Repetitive
186,03/11/2019,600,m,finance,Repetitive
187,04/11/2019,8000,m,tourism,Repetitive
188,04/11/2019,4669,m,f&b,Repetitive
189,04/11/2019,6857,f,construction,OneTime
190,06/11/2019,6072,m,f&b,OneTime
191,06/11/2019,990,f,technology,OneTime
192,07/11/2019,980,f,oil and gas,Repetitive
193,09/11/2019,282,m,plantation,Repetitive
194,09/11/2019,2721,m,technology,Repetitive
195,09/11/2019,9188,m,f&b,OneTime
196,10/11/2019,100,f,technology,OneTime
197,10/11/2019,6199,m,manufacturing,OneTime
198,10/11/2019,7893,m,plantation,OneTime
199,11/11/2019,15000,f,logistic,Repetitive
200,13/11/2019,1500,m,technology,Repetitive
201,14/11/2019,8823,f,technology,OneTime
202,16/11/2019,5774,f,f&b,OneTime
203,16/11/2019,8032,f,manufacturing,OneTime
204,16/11/2019,2288,m,plantation,OneTime
205,18/11/2019,8560,f,technology,OneTime
206,18/11/2019,2204,m,f&b,OneTime
207,18/11/2019,2371,f,technology,OneTime
208,21/11/2019,8328,m,technology,OneTime
209,24/11/2019,2469,f,f&b,OneTime
210,25/11/2019,7480,m,technology,OneTime
211,26/11/2019,5629,m,engineering,OneTime
212,27/11/2019,9921,m,technology,OneTime
213,27/11/2019,2394,f,construction,OneTime
214,28/11/2019,4571,f,engineering,OneTime
215,28/11/2019,8905,m,manufacturing,OneTime
216,28/11/2019,4687,f,construction,OneTime
217,30/11/2019,3433,f,tourism,OneTime
218,30/11/2019,4872,f,manufacturing,OneTime
219,01/12/2019,1500,m,technology,OneTime
220,02/12/2019,500,m,technology,OneTime
221,03/12/2019,600,m,finance,Repetitive
222,03/12/2019,9408,f,technology,OneTime
223,04/12/2019,8000,m,tourism,OneTime
224,05/12/2019,7181,m,f&b,OneTime
225,07/12/2019,980,f,oil and gas,Repetitive
226,07/12/2019,51,f,engineering,OneTime
227,09/12/2019,282,m,plantation,OneTime
228,10/12/2019,100,f,technology,OneTime
229,10/12/2019,3445,m,f&b,OneTime
230,11/12/2019,15000,f,logistic,Repetitive
231,11/12/2019,1792,f,technology,OneTime
232,13/12/2019,1500,m,technology,OneTime
233,13/12/2019,1344,f,plantation,OneTime
234,13/12/2019,4184,m,engineering,OneTime
235,13/12/2019,5995,m,f&b,OneTime
236,14/12/2019,9854,m,plantation,OneTime
237,15/12/2019,4451,m,tourism,OneTime
238,15/12/2019,5394,m,tourism,OneTime
239,17/12/2019,834,f,f&b,OneTime
240,18/12/2019,9009,f,engineering,OneTime
241,18/12/2019,4393,m,tourism,OneTime
242,18/12/2019,9842,m,tourism,OneTime
243,19/12/2019,7893,m,manufacturing,OneTime
244,19/12/2019,1189,m,construction,OneTime
245,20/12/2019,1917,m,plantation,OneTime
246,22/12/2019,7716,m,manufacturing,OneTime
247,25/12/2019,8269,f,engineering,OneTime
248,26/12/2019,2244,f,technology,OneTime
249,27/12/2019,5378,f,construction,OneTime
250,28/12/2019,2068,m,f&b,OneTime
251,01/01/2020,1500,m,technology,OneTime
252,01/01/2020,6933,m,technology,OneTime
253,01/01/2020,856,f,f&b,OneTime
254,02/01/2020,500,m,technology,OneTime
255,03/01/2020,600,m,finance,Repetitive
256,04/01/2020,8000,m,tourism,Repetitive
257,04/01/2020,4982,m,engineering,OneTime
258,05/01/2020,5384,m,tourism,OneTime
259,07/01/2020,980,f,oil and gas,Repetitive
260,07/01/2020,224,f,plantation,OneTime
261,08/01/2020,1801,m,construction,OneTime
262,09/01/2020,282,m,plantation,Repetitive
263,10/01/2020,100,f,technology,OneTime
264,10/01/2020,4807,f,manufacturing,OneTime
265,11/01/2020,15000,f,logistic,Repetitive
266,11/01/2020,6588,f,technology,OneTime
267,12/01/2020,5363,m,construction,OneTime
268,13/01/2020,1500,m,technology,Repetitive
269,13/01/2020,2700,m,manufacturing,OneTime
270,14/01/2020,6075,m,tourism,OneTime
271,16/01/2020,629,f,construction,OneTime
272,18/01/2020,5111,m,manufacturing,OneTime
273,18/01/2020,1570,f,technology,OneTime
274,19/01/2020,6804,m,f&b,OneTime
275,21/01/2020,4827,f,manufacturing,OneTime
276,22/01/2020,5695,f,plantation,OneTime
277,23/01/2020,887,f,construction,OneTime
278,24/01/2020,1680,f,construction,OneTime
279,24/01/2020,234,f,plantation,OneTime
280,25/01/2020,6130,m,technology,OneTime
281,28/01/2020,1114,f,manufacturing,OneTime
282,28/01/2020,4393,m,f&b,OneTime
283,01/02/2020,1500,m,technology,OneTime
284,01/02/2020,2859,f,manufacturing,OneTime
285,02/02/2020,500,m,technology,Repetitive
286,03/02/2020,600,m,finance,Repetitive
287,03/02/2020,6143,m,manufacturing,OneTime
288,03/02/2020,2992,f,construction,OneTime
289,03/02/2020,3062,m,plantation,OneTime
290,04/02/2020,8000,m,tourism,Repetitive
291,06/02/2020,6110,f,manufacturing,OneTime
292,07/02/2020,980,f,oil and gas,Repetitive
293,07/02/2020,3257,m,technology,OneTime
294,08/02/2020,1336,f,plantation,OneTime
295,08/02/2020,7364,m,construction,OneTime
296,09/02/2020,282,m,plantation,Repetitive
297,10/02/2020,100,f,technology,OneTime
298,10/02/2020,9787,f,construction,OneTime
299,11/02/2020,15000,f,logistic,Repetitive
300,12/02/2020,8316,m,tourism,OneTime
301,13/02/2020,1500,m,technology,Repetitive
302,15/02/2020,3527,m,plantation,OneTime
303,16/02/2020,4107,f,engineering,OneTime
304,18/02/2020,6736,f,f&b,OneTime
305,18/02/2020,9753,f,engineering,OneTime
306,19/02/2020,5315,f,manufacturing,OneTime
307,19/02/2020,9118,m,f&b,OneTime
308,20/02/2020,6411,m,engineering,OneTime
309,23/02/2020,8273,m,tourism,OneTime
310,27/02/2020,4123,f,engineering,OneTime
311,27/02/2020,5430,m,f&b,OneTime
312,27/02/2020,6742,m,f&b,OneTime
313,28/02/2020,9527,m,manufacturing,OneTime
314,29/02/2020,3672,f,f&b,OneTime
315,29/02/2020,9703,f,plantation,OneTime
316,01/03/2020,1500,m,technology,OneTime
317,01/03/2020,8508,f,f&b,OneTime
318,01/03/2020,2419,f,f&b,OneTime
319,02/03/2020,500,m,technology,Repetitive
320,02/03/2020,545,f,manufacturing,OneTime
321,03/03/2020,600,m,finance,Repetitive
322,04/03/2020,8000,m,tourism,Repetitive
323,04/03/2020,2351,f,technology,Repetitive
324,04/03/2020,1222,f,engineering,OneTime
325,04/03/2020,4148,m,f&b,Repetitive
326,07/03/2020,980,f,oil and gas,Repetitive
327,07/03/2020,6571,f,f&b,OneTime
328,08/03/2020,8655,m,construction,OneTime
329,09/03/2020,282,m,plantation,Repetitive
330,10/03/2020,100,f,technology,OneTime
331,11/03/2020,15000,f,logistic,Repetitive
332,11/03/2020,863,f,technology,OneTime
333,11/03/2020,3299,f,manufacturing,OneTime
334,12/03/2020,2916,m,tourism,OneTime
335,13/03/2020,1500,m,technology,Repetitive
336,13/03/2020,1731,m,f&b,OneTime
337,17/03/2020,1519,m,plantation,OneTime
338,18/03/2020,6999,f,technology,OneTime
339,18/03/2020,9152,m,plantation,OneTime
340,19/03/2020,8577,f,tourism,OneTime
341,20/03/2020,3190,m,technology,OneTime
342,25/03/2020,3541,f,engineering,OneTime
343,25/03/2020,9224,f,engineering,OneTime
344,27/03/2020,8314,m,manufacturing,OneTime
345,27/03/2020,3936,f,engineering,OneTime
346,27/03/2020,3572,m,construction,OneTime
347,28/03/2020,7699,m,tourism,OneTime
348,29/03/2020,3802,f,plantation,OneTime
349,30/03/2020,1435,m,manufacturing,OneTime
350,31/03/2020,4355,f,tourism,OneTime
351,31/03/2020,5730,m,plantation,OneTime
352,01/04/2020,1500,m,technology,OneTime
353,01/04/2020,6814,f,tourism,OneTime
354,02/04/2020,500,m,technology,Repetitive
355,03/04/2020,600,m,finance,Repetitive
356,03/04/2020,2586,m,f&b,Repetitive
357,04/04/2020,8000,m,tourism,Repetitive
358,05/04/2020,2902,f,tourism,OneTime
359,06/04/2020,1666,m,technology,OneTime
360,07/04/2020,980,f,oil and gas,Repetitive
361,07/04/2020,8385,m,engineering,OneTime
362,07/04/2020,7108,m,engineering,OneTime
363,07/04/2020,6043,f,manufacturing,OneTime
364,07/04/2020,5434,f,tourism,Repetitive
365,07/04/2020,7480,m,construction,OneTime
366,09/04/2020,282,m,plantation,Repetitive
367,09/04/2020,4401,f,engineering,OneTime
368,10/04/2020,100,f,technology,Repetitive
369,11/04/2020,15000,f,logistic,Repetitive
370,13/04/2020,1500,m,technology,Repetitive
371,16/04/2020,1912,f,plantation,OneTime
372,16/04/2020,9566,m,manufacturing,OneTime
373,17/04/2020,8488,f,manufacturing,OneTime
374,18/04/2020,488,m,engineering,OneTime
375,22/04/2020,7631,m,engineering,OneTime
376,23/04/2020,1947,m,tourism,OneTime
377,23/04/2020,7102,f,tourism,OneTime
378,24/04/2020,5577,m,tourism,OneTime
379,26/04/2020,9214,f,manufacturing,OneTime
380,26/04/2020,2105,m,manufacturing,OneTime
381,26/04/2020,8040,f,engineering,OneTime
382,28/04/2020,7597,m,technology,OneTime
383,30/04/2020,4591,f,plantation,OneTime
384,30/04/2020,8932,f,engineering,OneTime
385,01/05/2020,1500,m,technology,OneTime
386,01/05/2020,6611,f,plantation,OneTime
387,02/05/2020,500,m,technology,Repetitive
388,03/05/2020,600,m,finance,Repetitive
389,04/05/2020,8000,m,tourism,Repetitive
390,05/05/2020,7505,f,engineering,OneTime
391,06/05/2020,2222,f,tourism,OneTime
392,07/05/2020,980,f,oil and gas,Repetitive
393,07/05/2020,5823,m,technology,OneTime
394,07/05/2020,3302,m,technology,OneTime
395,08/05/2020,2901,f,tourism,OneTime
396,09/05/2020,282,m,plantation,Repetitive
397,09/05/2020,2129,f,manufacturing,OneTime
398,09/05/2020,7329,m,technology,OneTime
399,10/05/2020,100,f,technology,OneTime
400,11/05/2020,15000,f,logistic,Repetitive
401,13/05/2020,1500,m,technology,Repetitive
402,16/05/2020,1643,f,engineering,OneTime
403,17/05/2020,8189,f,manufacturing,OneTime
404,19/05/2020,4340,m,tourism,OneTime
405,20/05/2020,4662,m,technology,OneTime
406,21/05/2020,4012,m,manufacturing,OneTime
407,22/05/2020,3823,m,technology,OneTime
408,23/05/2020,5635,f,manufacturing,OneTime
409,26/05/2020,9635,m,engineering,OneTime
410,27/05/2020,8473,f,manufacturing,OneTime
411,27/05/2020,558,f,manufacturing,OneTime
412,01/06/2020,1500,m,technology,OneTime
413,01/06/2020,2160,m,plantation,OneTime
414,01/06/2020,4254,m,plantation,OneTime
415,02/06/2020,500,m,technology,Repetitive
416,03/06/2020,600,m,finance,Repetitive
417,04/06/2020,8000,m,tourism,Repetitive
418,04/06/2020,6042,m,engineering,OneTime
419,07/06/2020,980,f,oil and gas,Repetitive
420,08/06/2020,3063,f,construction,OneTime
421,09/06/2020,282,m,plantation,Repetitive
422,10/06/2020,100,f,technology,OneTime
423,10/06/2020,9679,m,construction,OneTime
424,11/06/2020,15000,f,logistic,Repetitive
425,13/06/2020,1500,m,technology,Repetitive
426,14/06/2020,7794,f,f&b,OneTime
427,14/06/2020,5138,f,f&b,OneTime
428,16/06/2020,1854,m,construction,OneTime
429,18/06/2020,3264,f,construction,OneTime
430,19/06/2020,128,f,technology,OneTime
431,20/06/2020,5382,m,engineering,OneTime
432,21/06/2020,5506,f,f&b,OneTime
433,23/06/2020,2640,m,tourism,OneTime
434,24/06/2020,2340,m,f&b,OneTime
435,26/06/2020,9057,f,manufacturing,OneTime
436,27/06/2020,5633,m,tourism,OneTime
437,29/06/2020,4875,f,manufacturing,OneTime
438,29/06/2020,78,m,manufacturing,OneTime
439,29/06/2020,5623,f,technology,OneTime
440,30/06/2020,8182,f,f&b,OneTime
441,01/07/2020,1500,m,technology,OneTime
442,02/07/2020,500,m,technology,Repetitive
443,02/07/2020,9767,f,tourism,OneTime
444,03/07/2020,600,m,finance,Repetitive
445,03/07/2020,2922,f,technology,OneTime
446,04/07/2020,8000,m,tourism,Repetitive
447,07/07/2020,980,f,oil and gas,Repetitive
448,08/07/2020,8723,m,engineering,OneTime
449,09/07/2020,282,m,plantation,Repetitive
450,10/07/2020,100,f,technology,OneTime
451,11/07/2020,15000,f,logistic,Repetitive
452,11/07/2020,7179,m,technology,OneTime
453,11/07/2020,8263,f,construction,OneTime
454,13/07/2020,1500,m,technology,Repetitive
455,13/07/2020,6938,f,tourism,Repetitive
456,13/07/2020,8141,m,f&b,OneTime
457,14/07/2020,281,m,f&b,OneTime
458,14/07/2020,6379,m,manufacturing,OneTime
459,15/07/2020,5952,m,f&b,OneTime
460,16/07/2020,448,m,manufacturing,OneTime
461,19/07/2020,8899,f,plantation,OneTime
462,20/07/2020,6914,m,construction,OneTime
463,20/07/2020,3643,m,manufacturing,OneTime
464,22/07/2020,2940,m,tourism,OneTime
465,23/07/2020,2397,m,construction,OneTime
466,23/07/2020,3167,m,manufacturing,OneTime
467,25/07/2020,6771,f,plantation,OneTime
468,25/07/2020,4471,m,tourism,OneTime
469,26/07/2020,7716,f,construction,OneTime
470,26/07/2020,5352,m,manufacturing,OneTime
471,26/07/2020,1591,f,manufacturing,OneTime
472,27/07/2020,9452,f,f&b,OneTime
473,28/07/2020,8756,f,f&b,OneTime
474,28/07/2020,5696,m,f&b,OneTime
475,29/07/2020,3313,f,plantation,OneTime
476,30/07/2020,9437,f,manufacturing,OneTime
477,30/07/2020,4508,f,construction,OneTime
478,01/08/2020,1500,m,technology,OneTime
479,01/08/2020,2262,f,tourism,OneTime
480,02/08/2020,500,m,technology,Repetitive
481,02/08/2020,7545,m,tourism,OneTime
482,03/08/2020,600,m,finance,Repetitive
483,03/08/2020,6668,f,technology,OneTime
484,03/08/2020,8518,f,manufacturing,OneTime
485,04/08/2020,8000,m,tourism,Repetitive
486,05/08/2020,3855,m,engineering,OneTime
487,06/08/2020,4226,m,engineering,OneTime
488,06/08/2020,6560,f,tourism,OneTime
489,07/08/2020,980,f,oil and gas,Repetitive
490,08/08/2020,6269,m,construction,OneTime
491,09/08/2020,282,m,plantation,Repetitive
492,09/08/2020,2021,m,f&b,OneTime
493,10/08/2020,100,f,technology,OneTime
494,10/08/2020,6487,f,f&b,OneTime
495,11/08/2020,15000,f,logistic,Repetitive
496,12/08/2020,6183,f,tourism,OneTime
497,13/08/2020,1500,m,technology,Repetitive
498,13/08/2020,2262,m,engineering,OneTime
499,14/08/2020,8427,m,engineering,OneTime
