,0,1
0,"01/01/2019,1500,M,20,Technology",OneTime
1,"02/01/2019,500,M,50,Technology",Repetitive
2,"03/01/2019,600,M,32,Finance",Repetitive
3,"04/01/2019,8000,M,45,Tourism",Repetitive
4,"07/01/2019,980,F,25,Oil and Gas",Repetitive
5,"09/01/2019,282,M,55,Plantation",Repetitive
6,"10/01/2019,100,F,18,Technology",OneTime
7,"11/01/2019,15000,F,38,Logistic",Repetitive
8,"13/01/2019,1500,M,20,Technology",Repetitive
9,"01/02/2019,1500,M,20,Technology",OneTime
10,"02/02/2019,500,M,50,Technology",Repetitive
11,"03/02/2019,600,M,32,Finance",Repetitive
12,"04/02/2019,8000,M,45,Tourism",Repetitive
13,"07/02/2019,980,F,25,Oil and Gas",Repetitive
14,"09/02/2019,282,M,55,Plantation",Repetitive
15,"10/02/2019,100,F,18,Technology",Repetitive
16,"11/02/2019,15000,F,38,Logistic",Repetitive
17,"12/02/2019,10000,M,25,Health",OneTime
18,"12/02/2019,10000,M,25,Health",OneTime
19,"12/02/2019,10000,M,25,Health",OneTime
20,"12/02/2019,10000,M,25,Health",OneTime
21,"12/02/2019,10000,M,25,Health",OneTime
22,"12/02/2019,10000,M,25,Health",OneTime
23,"12/02/2019,10000,M,25,Health",OneTime
24,"12/02/2019,10000,M,25,Health",OneTime
25,"12/02/2019,10000,M,25,Health",OneTime
26,"12/02/2019,10000,M,25,Health",OneTime
27,"12/02/2019,10000,M,25,Health",OneTime
28,"12/02/2019,10000,M,25,Health",OneTime
29,"12/02/2019,10000,M,25,Health",OneTime
30,"12/02/2019,10000,M,25,Health",OneTime
31,"12/02/2019,10000,M,25,Health",OneTime
32,"12/02/2019,10000,M,25,Health",OneTime
33,"12/02/2019,10000,M,25,Health",OneTime
34,"12/02/2019,10000,M,25,Health",OneTime
35,"12/02/2019,10000,M,25,Health",OneTime
36,"12/02/2019,10000,M,25,Health",OneTime
37,"13/02/2019,1500,M,20,Technology",Repetitive
38,"01/03/2019,1500,M,20,Technology",OneTime
39,"02/03/2019,500,M,50,Technology",Repetitive
40,"03/03/2019,600,M,32,Finance",Repetitive
41,"04/03/2019,8000,M,45,Tourism",Repetitive
42,"07/03/2019,980,F,25,Oil and Gas",Repetitive
43,"09/03/2019,282,M,55,Plantation",Repetitive
44,"10/03/2019,100,F,18,Technology",Repetitive
45,"11/03/2019,15000,F,38,Logistic",Repetitive
46,"13/03/2019,1500,M,20,Technology",Repetitive
47,"01/04/2019,1500,M,20,Technology",Repetitive
48,"02/04/2019,500,M,50,Technology",Repetitive
49,"03/04/2019,600,M,32,Finance",Repetitive
50,"04/04/2019,8000,M,45,Tourism",Repetitive
51,"07/04/2019,980,F,25,Oil and Gas",Repetitive
52,"09/04/2019,282,M,55,Plantation",Repetitive
53,"10/04/2019,100,F,18,Technology",Repetitive
54,"11/04/2019,15000,F,38,Logistic",Repetitive
55,"13/04/2019,1500,M,20,Technology",Repetitive
56,"01/05/2019,1500,M,20,Technology",OneTime
57,"02/05/2019,500,M,50,Technology",Repetitive
58,"03/05/2019,600,M,32,Finance",Repetitive
59,"04/05/2019,8000,M,45,Tourism",Repetitive
60,"07/05/2019,980,F,25,Oil and Gas",Repetitive
61,"09/05/2019,282,M,55,Plantation",Repetitive
62,"10/05/2019,100,F,18,Technology",OneTime
63,"11/05/2019,15000,F,38,Logistic",Repetitive
64,"13/05/2019,1500,M,20,Technology",Repetitive
65,"01/06/2019,1500,M,20,Technology",OneTime
66,"02/06/2019,500,M,50,Technology",Repetitive
67,"03/06/2019,600,M,32,Finance",Repetitive
68,"04/06/2019,8000,M,45,Tourism",Repetitive
69,"07/06/2019,980,F,25,Oil and Gas",Repetitive
70,"09/06/2019,282,M,55,Plantation",Repetitive
71,"10/06/2019,100,F,18,Technology",OneTime
72,"11/06/2019,15000,F,38,Logistic",Repetitive
73,"13/06/2019,1500,M,20,Technology",Repetitive
74,"01/07/2019,1500,M,20,Technology",OneTime
75,"02/07/2019,500,M,50,Technology",Repetitive
76,"03/07/2019,600,M,32,Finance",Repetitive
77,"04/07/2019,8000,M,45,Tourism",Repetitive
78,"07/07/2019,980,F,25,Oil and Gas",Repetitive
79,"09/07/2019,282,M,55,Plantation",Repetitive
80,"10/07/2019,100,F,18,Technology",Repetitive
81,"11/07/2019,15000,F,38,Logistic",Repetitive
82,"13/07/2019,1500,M,20,Technology",Repetitive
83,"01/08/2019,1500,M,20,Technology",OneTime
84,"02/08/2019,500,M,50,Technology",Repetitive
85,"03/08/2019,600,M,32,Finance",Repetitive
86,"04/08/2019,8000,M,45,Tourism",Repetitive
87,"07/08/2019,980,F,25,Oil and Gas",Repetitive
88,"09/08/2019,282,M,55,Plantation",Repetitive
89,"10/08/2019,100,F,18,Technology",OneTime
90,"11/08/2019,15000,F,38,Logistic",Repetitive
91,"13/08/2019,1500,M,20,Technology",Repetitive
92,"15/08/2019,8826,M,28,Construction",OneTime
93,"16/08/2019,4610,F,79,F&B",OneTime
94,"18/08/2019,5177,M,93,F&B",OneTime
95,"19/08/2019,8354,F,41,F&B",OneTime
96,"20/08/2019,1283,F,87,Engineering",OneTime
97,"21/08/2019,9485,F,25,Plantation",OneTime
98,"22/08/2019,6574,M,85,Engineering",OneTime
99,"22/08/2019,3008,M,56,F&B",OneTime
100,"23/08/2019,9745,M,54,Technology",OneTime
101,"24/08/2019,2826,M,77,Engineering",OneTime
102,"26/08/2019,2349,F,64,F&B",OneTime
103,"27/08/2019,3593,M,91,Plantation",OneTime
104,"27/08/2019,1751,F,67,Manufacturing",OneTime
105,"28/08/2019,6796,F,81,Technology",OneTime
106,"28/08/2019,9797,M,46,Construction",OneTime
107,"28/08/2019,161,M,56,Tourism",OneTime
108,"29/08/2019,8043,M,40,Engineering",OneTime
109,"29/08/2019,8525,M,73,Construction",OneTime
110,"29/08/2019,3484,F,83,Plantation",OneTime
111,"31/08/2019,6395,F,51,Tourism",OneTime
112,"01/09/2019,1500,M,20,Technology",OneTime
113,"01/09/2019,164,F,62,Manufacturing",OneTime
114,"01/09/2019,609,M,52,Manufacturing",OneTime
115,"02/09/2019,500,M,50,Technology",Repetitive
116,"03/09/2019,600,M,32,Finance",Repetitive
117,"03/09/2019,7424,F,37,Plantation",Repetitive
118,"04/09/2019,8000,M,45,Tourism",Repetitive
119,"06/09/2019,3064,M,45,Tourism",OneTime
120,"07/09/2019,980,F,25,Oil and Gas",Repetitive
121,"08/09/2019,7879,M,66,Manufacturing",OneTime
122,"09/09/2019,282,M,55,Plantation",Repetitive
123,"10/09/2019,100,F,18,Technology",Repetitive
124,"11/09/2019,15000,F,38,Logistic",Repetitive
125,"11/09/2019,9358,F,75,Tourism",OneTime
126,"11/09/2019,1693,M,19,Engineering",OneTime
127,"12/09/2019,9509,M,66,Construction",OneTime
128,"12/09/2019,6025,F,39,Plantation",OneTime
129,"13/09/2019,1500,M,20,Technology",Repetitive
130,"13/09/2019,3485,F,84,Tourism",Repetitive
131,"13/09/2019,9849,F,50,Technology",Repetitive
132,"13/09/2019,1873,M,88,Engineering",OneTime
133,"14/09/2019,8393,F,57,F&B",OneTime
134,"16/09/2019,7386,F,40,Engineering",OneTime
135,"16/09/2019,9936,F,78,Plantation",OneTime
136,"17/09/2019,2950,M,19,Plantation",OneTime
137,"18/09/2019,9948,F,71,Engineering",OneTime
138,"20/09/2019,7388,F,25,Technology",OneTime
139,"22/09/2019,9382,F,42,F&B",OneTime
140,"22/09/2019,4116,F,90,Manufacturing",OneTime
141,"23/09/2019,9471,F,84,Manufacturing",OneTime
142,"23/09/2019,5958,F,86,Construction",OneTime
143,"25/09/2019,2666,M,85,Tourism",OneTime
144,"26/09/2019,1157,F,99,Technology",OneTime
145,"29/09/2019,8035,F,29,Engineering",OneTime
146,"01/10/2019,1500,M,20,Technology",OneTime
147,"02/10/2019,500,M,50,Technology",Repetitive
148,"02/10/2019,9486,M,84,Construction",OneTime
149,"03/10/2019,600,M,32,Finance",Repetitive
150,"04/10/2019,8000,M,45,Tourism",Repetitive
151,"04/10/2019,5898,F,97,F&B",Repetitive
152,"06/10/2019,4274,F,71,Construction",OneTime
153,"07/10/2019,980,F,25,Oil and Gas",Repetitive
154,"07/10/2019,342,F,66,F&B",Repetitive
155,"08/10/2019,7839,M,91,Construction",OneTime
156,"09/10/2019,282,M,55,Plantation",Repetitive
157,"09/10/2019,4383,M,45,Plantation",Repetitive
158,"09/10/2019,669,F,41,Engineering",OneTime
159,"10/10/2019,100,F,18,Technology",Repetitive
160,"11/10/2019,15000,F,38,Logistic",Repetitive
161,"11/10/2019,1175,F,93,Plantation",Repetitive
162,"11/10/2019,1266,F,24,F&B",OneTime
163,"12/10/2019,9952,M,38,Technology",OneTime
164,"12/10/2019,7058,F,63,Technology",OneTime
165,"13/10/2019,1500,M,20,Technology",Repetitive
166,"13/10/2019,4667,M,56,F&B",Repetitive
167,"13/10/2019,4780,F,37,Construction",OneTime
168,"13/10/2019,7231,F,43,F&B",Repetitive
169,"15/10/2019,702,M,83,Technology",Repetitive
170,"15/10/2019,1386,F,51,F&B",OneTime
171,"16/10/2019,2627,M,48,F&B",OneTime
172,"18/10/2019,9402,M,50,Plantation",OneTime
173,"19/10/2019,4950,M,31,F&B",OneTime
174,"20/10/2019,1234,M,36,Tourism",OneTime
175,"21/10/2019,5727,F,99,Construction",OneTime
176,"22/10/2019,8195,F,42,Plantation",OneTime
177,"22/10/2019,7410,F,49,Technology",OneTime
178,"23/10/2019,2036,M,84,Construction",OneTime
179,"26/10/2019,7896,M,96,Plantation",OneTime
180,"30/10/2019,3417,F,41,Technology",OneTime
181,"30/10/2019,7092,F,52,Tourism",OneTime
182,"01/11/2019,1500,M,20,Technology",OneTime
183,"01/11/2019,268,F,40,Manufacturing",OneTime
184,"01/11/2019,986,F,52,Technology",OneTime
185,"02/11/2019,500,M,50,Technology",Repetitive
186,"03/11/2019,600,M,32,Finance",Repetitive
187,"04/11/2019,8000,M,45,Tourism",Repetitive
188,"04/11/2019,4669,M,86,F&B",Repetitive
189,"04/11/2019,6857,F,91,Construction",OneTime
190,"06/11/2019,6072,M,72,F&B",OneTime
191,"06/11/2019,990,F,74,Technology",OneTime
192,"07/11/2019,980,F,25,Oil and Gas",Repetitive
193,"09/11/2019,282,M,55,Plantation",Repetitive
194,"09/11/2019,2721,M,56,Technology",Repetitive
195,"09/11/2019,9188,M,77,F&B",OneTime
196,"10/11/2019,100,F,18,Technology",OneTime
197,"10/11/2019,6199,M,93,Manufacturing",OneTime
198,"10/11/2019,7893,M,26,Plantation",OneTime
199,"11/11/2019,15000,F,38,Logistic",Repetitive
200,"13/11/2019,1500,M,20,Technology",Repetitive
201,"14/11/2019,8823,F,34,Technology",OneTime
202,"16/11/2019,5774,F,67,F&B",OneTime
203,"16/11/2019,8032,F,31,Manufacturing",OneTime
204,"16/11/2019,2288,M,69,Plantation",OneTime
205,"18/11/2019,8560,F,83,Technology",OneTime
206,"18/11/2019,2204,M,43,F&B",OneTime
207,"18/11/2019,2371,F,18,Technology",OneTime
208,"21/11/2019,8328,M,62,Technology",Repetitive
209,"24/11/2019,2469,F,32,F&B",OneTime
210,"25/11/2019,7480,M,88,Technology",OneTime
211,"26/11/2019,5629,M,84,Engineering",OneTime
212,"27/11/2019,9921,M,31,Technology",OneTime
213,"27/11/2019,2394,F,39,Construction",OneTime
214,"28/11/2019,4571,F,48,Engineering",OneTime
215,"28/11/2019,8905,M,91,Manufacturing",OneTime
216,"28/11/2019,4687,F,83,Construction",OneTime
217,"30/11/2019,3433,F,81,Tourism",OneTime
218,"30/11/2019,4872,F,26,Manufacturing",OneTime
219,"01/12/2019,1500,M,20,Technology",OneTime
220,"02/12/2019,500,M,50,Technology",OneTime
221,"03/12/2019,600,M,32,Finance",Repetitive
222,"03/12/2019,9408,F,32,Technology",OneTime
223,"04/12/2019,8000,M,45,Tourism",OneTime
224,"05/12/2019,7181,M,61,F&B",OneTime
225,"07/12/2019,980,F,25,Oil and Gas",Repetitive
226,"07/12/2019,51,F,86,Engineering",OneTime
227,"09/12/2019,282,M,55,Plantation",OneTime
228,"10/12/2019,100,F,18,Technology",OneTime
229,"10/12/2019,3445,M,41,F&B",OneTime
230,"11/12/2019,15000,F,38,Logistic",Repetitive
231,"11/12/2019,1792,F,29,Technology",OneTime
232,"13/12/2019,1500,M,20,Technology",OneTime
233,"13/12/2019,1344,F,90,Plantation",OneTime
234,"13/12/2019,4184,M,97,Engineering",OneTime
235,"13/12/2019,5995,M,96,F&B",OneTime
236,"14/12/2019,9854,M,24,Plantation",OneTime
237,"15/12/2019,4451,M,34,Tourism",OneTime
238,"15/12/2019,5394,M,30,Tourism",OneTime
239,"17/12/2019,834,F,50,F&B",OneTime
240,"18/12/2019,9009,F,20,Engineering",OneTime
241,"18/12/2019,4393,M,93,Tourism",OneTime
242,"18/12/2019,9842,M,83,Tourism",OneTime
243,"19/12/2019,7893,M,98,Manufacturing",OneTime
244,"19/12/2019,1189,M,19,Construction",OneTime
245,"20/12/2019,1917,M,29,Plantation",OneTime
246,"22/12/2019,7716,M,92,Manufacturing",OneTime
247,"25/12/2019,8269,F,45,Engineering",OneTime
248,"26/12/2019,2244,F,42,Technology",OneTime
249,"27/12/2019,5378,F,57,Construction",OneTime
250,"28/12/2019,2068,M,64,F&B",OneTime
251,"01/01/2020,1500,M,20,Technology",OneTime
252,"01/01/2020,6933,M,46,Technology",OneTime
253,"01/01/2020,856,F,39,F&B",OneTime
254,"02/01/2020,500,M,50,Technology",OneTime
255,"03/01/2020,600,M,32,Finance",Repetitive
256,"04/01/2020,8000,M,45,Tourism",Repetitive
257,"04/01/2020,4982,M,70,Engineering",OneTime
258,"05/01/2020,5384,M,97,Tourism",OneTime
259,"07/01/2020,980,F,25,Oil and Gas",Repetitive
260,"07/01/2020,224,F,77,Plantation",OneTime
261,"08/01/2020,1801,M,52,Construction",OneTime
262,"09/01/2020,282,M,55,Plantation",Repetitive
263,"10/01/2020,100,F,18,Technology",OneTime
264,"10/01/2020,4807,F,46,Manufacturing",OneTime
265,"11/01/2020,15000,F,38,Logistic",Repetitive
266,"11/01/2020,6588,F,75,Technology",OneTime
267,"12/01/2020,5363,M,80,Construction",OneTime
268,"13/01/2020,1500,M,20,Technology",Repetitive
269,"13/01/2020,2700,M,87,Manufacturing",OneTime
270,"14/01/2020,6075,M,53,Tourism",OneTime
271,"16/01/2020,629,F,58,Construction",OneTime
272,"18/01/2020,5111,M,49,Manufacturing",OneTime
273,"18/01/2020,1570,F,53,Technology",OneTime
274,"19/01/2020,6804,M,50,F&B",OneTime
275,"21/01/2020,4827,F,20,Manufacturing",OneTime
276,"22/01/2020,5695,F,61,Plantation",OneTime
277,"23/01/2020,887,F,85,Construction",OneTime
278,"24/01/2020,1680,F,50,Construction",OneTime
279,"24/01/2020,234,F,72,Plantation",OneTime
280,"25/01/2020,6130,M,98,Technology",OneTime
281,"28/01/2020,1114,F,41,Manufacturing",OneTime
282,"28/01/2020,4393,M,63,F&B",OneTime
283,"01/02/2020,1500,M,20,Technology",OneTime
284,"01/02/2020,2859,F,53,Manufacturing",OneTime
285,"02/02/2020,500,M,50,Technology",Repetitive
286,"03/02/2020,600,M,32,Finance",Repetitive
287,"03/02/2020,6143,M,41,Manufacturing",OneTime
288,"03/02/2020,2992,F,92,Construction",OneTime
289,"03/02/2020,3062,M,43,Plantation",OneTime
290,"04/02/2020,8000,M,45,Tourism",Repetitive
291,"06/02/2020,6110,F,73,Manufacturing",OneTime
292,"07/02/2020,980,F,25,Oil and Gas",Repetitive
293,"07/02/2020,3257,M,50,Technology",OneTime
294,"08/02/2020,1336,F,51,Plantation",OneTime
295,"08/02/2020,7364,M,22,Construction",OneTime
296,"09/02/2020,282,M,55,Plantation",Repetitive
297,"10/02/2020,100,F,18,Technology",OneTime
298,"10/02/2020,9787,F,74,Construction",OneTime
299,"11/02/2020,15000,F,38,Logistic",Repetitive
300,"12/02/2020,8316,M,49,Tourism",OneTime
301,"13/02/2020,1500,M,20,Technology",Repetitive
302,"15/02/2020,3527,M,65,Plantation",OneTime
303,"16/02/2020,4107,F,55,Engineering",OneTime
304,"18/02/2020,6736,F,80,F&B",OneTime
305,"18/02/2020,9753,F,40,Engineering",OneTime
306,"19/02/2020,5315,F,57,Manufacturing",OneTime
307,"19/02/2020,9118,M,33,F&B",OneTime
308,"20/02/2020,6411,M,60,Engineering",OneTime
309,"23/02/2020,8273,M,32,Tourism",OneTime
310,"27/02/2020,4123,F,54,Engineering",OneTime
311,"27/02/2020,5430,M,89,F&B",OneTime
312,"27/02/2020,6742,M,87,F&B",OneTime
313,"28/02/2020,9527,M,68,Manufacturing",OneTime
314,"29/02/2020,3672,F,73,F&B",OneTime
315,"29/02/2020,9703,F,34,Plantation",OneTime
316,"01/03/2020,1500,M,20,Technology",OneTime
317,"01/03/2020,8508,F,81,F&B",OneTime
318,"01/03/2020,2419,F,55,F&B",OneTime
319,"02/03/2020,500,M,50,Technology",Repetitive
320,"02/03/2020,545,F,42,Manufacturing",OneTime
321,"03/03/2020,600,M,32,Finance",Repetitive
322,"04/03/2020,8000,M,45,Tourism",Repetitive
323,"04/03/2020,2351,F,56,Technology",Repetitive
324,"04/03/2020,1222,F,70,Engineering",OneTime
325,"04/03/2020,4148,M,79,F&B",Repetitive
326,"07/03/2020,980,F,25,Oil and Gas",Repetitive
327,"07/03/2020,6571,F,43,F&B",OneTime
328,"08/03/2020,8655,M,43,Construction",OneTime
329,"09/03/2020,282,M,55,Plantation",Repetitive
330,"10/03/2020,100,F,18,Technology",OneTime
331,"11/03/2020,15000,F,38,Logistic",Repetitive
332,"11/03/2020,863,F,71,Technology",OneTime
333,"11/03/2020,3299,F,32,Manufacturing",OneTime
334,"12/03/2020,2916,M,65,Tourism",OneTime
335,"13/03/2020,1500,M,20,Technology",Repetitive
336,"13/03/2020,1731,M,20,F&B",OneTime
337,"17/03/2020,1519,M,61,Plantation",OneTime
338,"18/03/2020,6999,F,25,Technology",OneTime
339,"18/03/2020,9152,M,24,Plantation",OneTime
340,"19/03/2020,8577,F,57,Tourism",OneTime
341,"20/03/2020,3190,M,18,Technology",OneTime
342,"25/03/2020,3541,F,69,Engineering",OneTime
343,"25/03/2020,9224,F,24,Engineering",OneTime
344,"27/03/2020,8314,M,38,Manufacturing",OneTime
345,"27/03/2020,3936,F,26,Engineering",OneTime
346,"27/03/2020,3572,M,56,Construction",OneTime
347,"28/03/2020,7699,M,31,Tourism",OneTime
348,"29/03/2020,3802,F,45,Plantation",OneTime
349,"30/03/2020,1435,M,98,Manufacturing",OneTime
350,"31/03/2020,4355,F,62,Tourism",OneTime
351,"31/03/2020,5730,M,41,Plantation",OneTime
352,"01/04/2020,1500,M,20,Technology",OneTime
353,"01/04/2020,6814,F,79,Tourism",OneTime
354,"02/04/2020,500,M,50,Technology",Repetitive
355,"03/04/2020,600,M,32,Finance",Repetitive
356,"03/04/2020,2586,M,65,F&B",Repetitive
357,"04/04/2020,8000,M,45,Tourism",Repetitive
358,"05/04/2020,2902,F,68,Tourism",OneTime
359,"06/04/2020,1666,M,23,Technology",OneTime
360,"07/04/2020,980,F,25,Oil and Gas",Repetitive
361,"07/04/2020,8385,M,78,Engineering",OneTime
362,"07/04/2020,7108,M,73,Engineering",OneTime
363,"07/04/2020,6043,F,35,Manufacturing",OneTime
364,"07/04/2020,5434,F,61,Tourism",Repetitive
365,"07/04/2020,7480,M,96,Construction",OneTime
366,"09/04/2020,282,M,55,Plantation",Repetitive
367,"09/04/2020,4401,F,58,Engineering",OneTime
368,"10/04/2020,100,F,18,Technology",Repetitive
369,"11/04/2020,15000,F,38,Logistic",Repetitive
370,"13/04/2020,1500,M,20,Technology",Repetitive
371,"16/04/2020,1912,F,46,Plantation",OneTime
372,"16/04/2020,9566,M,80,Manufacturing",OneTime
373,"17/04/2020,8488,F,65,Manufacturing",OneTime
374,"18/04/2020,488,M,40,Engineering",OneTime
375,"22/04/2020,7631,M,28,Engineering",OneTime
376,"23/04/2020,1947,M,21,Tourism",OneTime
377,"23/04/2020,7102,F,28,Tourism",OneTime
378,"24/04/2020,5577,M,36,Tourism",OneTime
379,"26/04/2020,9214,F,42,Manufacturing",OneTime
380,"26/04/2020,2105,M,37,Manufacturing",OneTime
381,"26/04/2020,8040,F,52,Engineering",OneTime
382,"28/04/2020,7597,M,64,Technology",OneTime
383,"30/04/2020,4591,F,32,Plantation",OneTime
384,"30/04/2020,8932,F,87,Engineering",OneTime
385,"01/05/2020,1500,M,20,Technology",OneTime
386,"01/05/2020,6611,F,56,Plantation",OneTime
387,"02/05/2020,500,M,50,Technology",Repetitive
388,"03/05/2020,600,M,32,Finance",Repetitive
389,"04/05/2020,8000,M,45,Tourism",Repetitive
390,"05/05/2020,7505,F,46,Engineering",OneTime
391,"06/05/2020,2222,F,69,Tourism",OneTime
392,"07/05/2020,980,F,25,Oil and Gas",Repetitive
393,"07/05/2020,5823,M,51,Technology",OneTime
394,"07/05/2020,3302,M,82,Technology",OneTime
395,"08/05/2020,2901,F,52,Tourism",OneTime
396,"09/05/2020,282,M,55,Plantation",Repetitive
397,"09/05/2020,2129,F,26,Manufacturing",OneTime
398,"09/05/2020,7329,M,62,Technology",OneTime
399,"10/05/2020,100,F,18,Technology",OneTime
400,"11/05/2020,15000,F,38,Logistic",Repetitive
401,"13/05/2020,1500,M,20,Technology",Repetitive
402,"16/05/2020,1643,F,34,Engineering",OneTime
403,"17/05/2020,8189,F,54,Manufacturing",OneTime
404,"19/05/2020,4340,M,75,Tourism",OneTime
405,"20/05/2020,4662,M,61,Technology",OneTime
406,"21/05/2020,4012,M,44,Manufacturing",OneTime
407,"22/05/2020,3823,M,60,Technology",OneTime
408,"23/05/2020,5635,F,19,Manufacturing",OneTime
409,"26/05/2020,9635,M,32,Engineering",OneTime
410,"27/05/2020,8473,F,29,Manufacturing",OneTime
411,"27/05/2020,558,F,44,Manufacturing",OneTime
412,"01/06/2020,1500,M,20,Technology",OneTime
413,"01/06/2020,2160,M,59,Plantation",OneTime
414,"01/06/2020,4254,M,65,Plantation",OneTime
415,"02/06/2020,500,M,50,Technology",Repetitive
416,"03/06/2020,600,M,32,Finance",Repetitive
417,"04/06/2020,8000,M,45,Tourism",Repetitive
418,"04/06/2020,6042,M,75,Engineering",OneTime
419,"07/06/2020,980,F,25,Oil and Gas",Repetitive
420,"08/06/2020,3063,F,23,Construction",OneTime
421,"09/06/2020,282,M,55,Plantation",Repetitive
422,"10/06/2020,100,F,18,Technology",OneTime
423,"10/06/2020,9679,M,40,Construction",OneTime
424,"11/06/2020,15000,F,38,Logistic",Repetitive
425,"13/06/2020,1500,M,20,Technology",Repetitive
426,"14/06/2020,7794,F,89,F&B",OneTime
427,"14/06/2020,5138,F,53,F&B",OneTime
428,"16/06/2020,1854,M,56,Construction",OneTime
429,"18/06/2020,3264,F,75,Construction",OneTime
430,"19/06/2020,128,F,53,Technology",OneTime
431,"20/06/2020,5382,M,30,Engineering",OneTime
432,"21/06/2020,5506,F,92,F&B",OneTime
433,"23/06/2020,2640,M,55,Tourism",OneTime
434,"24/06/2020,2340,M,98,F&B",OneTime
435,"26/06/2020,9057,F,53,Manufacturing",OneTime
436,"27/06/2020,5633,M,39,Tourism",OneTime
437,"29/06/2020,4875,F,51,Manufacturing",OneTime
438,"29/06/2020,78,M,33,Manufacturing",OneTime
439,"29/06/2020,5623,F,55,Technology",OneTime
440,"30/06/2020,8182,F,55,F&B",OneTime
441,"01/07/2020,1500,M,20,Technology",OneTime
442,"02/07/2020,500,M,50,Technology",Repetitive
443,"02/07/2020,9767,F,94,Tourism",OneTime
444,"03/07/2020,600,M,32,Finance",Repetitive
445,"03/07/2020,2922,F,50,Technology",OneTime
446,"04/07/2020,8000,M,45,Tourism",Repetitive
447,"07/07/2020,980,F,25,Oil and Gas",Repetitive
448,"08/07/2020,8723,M,77,Engineering",OneTime
449,"09/07/2020,282,M,55,Plantation",Repetitive
450,"10/07/2020,100,F,18,Technology",OneTime
451,"11/07/2020,15000,F,38,Logistic",Repetitive
452,"11/07/2020,7179,M,89,Technology",OneTime
453,"11/07/2020,8263,F,97,Construction",OneTime
454,"13/07/2020,1500,M,20,Technology",Repetitive
455,"13/07/2020,6938,F,92,Tourism",Repetitive
456,"13/07/2020,8141,M,56,F&B",Repetitive
457,"14/07/2020,281,M,88,F&B",OneTime
458,"14/07/2020,6379,M,71,Manufacturing",OneTime
459,"15/07/2020,5952,M,84,F&B",OneTime
460,"16/07/2020,448,M,82,Manufacturing",OneTime
461,"19/07/2020,8899,F,30,Plantation",OneTime
462,"20/07/2020,6914,M,76,Construction",OneTime
463,"20/07/2020,3643,M,64,Manufacturing",OneTime
464,"22/07/2020,2940,M,53,Tourism",OneTime
465,"23/07/2020,2397,M,69,Construction",OneTime
466,"23/07/2020,3167,M,81,Manufacturing",OneTime
467,"25/07/2020,6771,F,80,Plantation",OneTime
468,"25/07/2020,4471,M,73,Tourism",OneTime
469,"26/07/2020,7716,F,85,Construction",OneTime
470,"26/07/2020,5352,M,34,Manufacturing",OneTime
471,"26/07/2020,1591,F,86,Manufacturing",OneTime
472,"27/07/2020,9452,F,92,F&B",OneTime
473,"28/07/2020,8756,F,29,F&B",OneTime
474,"28/07/2020,5696,M,49,F&B",OneTime
475,"29/07/2020,3313,F,76,Plantation",OneTime
476,"30/07/2020,9437,F,46,Manufacturing",OneTime
477,"30/07/2020,4508,F,47,Construction",OneTime
478,"01/08/2020,1500,M,20,Technology",OneTime
479,"01/08/2020,2262,F,75,Tourism",OneTime
480,"02/08/2020,500,M,50,Technology",Repetitive
481,"02/08/2020,7545,M,31,Tourism",OneTime
482,"03/08/2020,600,M,32,Finance",Repetitive
483,"03/08/2020,6668,F,90,Technology",OneTime
484,"03/08/2020,8518,F,79,Manufacturing",OneTime
485,"04/08/2020,8000,M,45,Tourism",Repetitive
486,"05/08/2020,3855,M,78,Engineering",OneTime
487,"06/08/2020,4226,M,89,Engineering",OneTime
488,"06/08/2020,6560,F,80,Tourism",OneTime
489,"07/08/2020,980,F,25,Oil and Gas",Repetitive
490,"08/08/2020,6269,M,70,Construction",OneTime
491,"09/08/2020,282,M,55,Plantation",Repetitive
492,"09/08/2020,2021,M,30,F&B",OneTime
493,"10/08/2020,100,F,18,Technology",OneTime
494,"10/08/2020,6487,F,91,F&B",OneTime
495,"11/08/2020,15000,F,38,Logistic",Repetitive
496,"12/08/2020,6183,F,78,Tourism",OneTime
497,"13/08/2020,1500,M,20,Technology",Repetitive
498,"13/08/2020,2262,M,89,Engineering",OneTime
499,"14/08/2020,8427,M,72,Engineering",OneTime
