,0,1
0,"03/08/2018,1500,M,20,Technology",Repetitive
1,"03/09/2018,1500,M,20,Technology",Repetitive
2,"15/09/2018,2090,M,20,Technology",OneTime
3,"16/09/2018,9675,M,20,Technology",OneTime
4,"03/10/2018,1500,M,20,Technology",Repetitive
5,"03/11/2018,1500,M,20,Technology",Repetitive
6,"23/11/2018,4586,M,20,Technology",OneTime
7,"24/11/2018,9122,M,20,Technology",OneTime
8,"03/12/2018,1500,M,20,Technology",OneTime
9,"03/01/2019,1500,M,20,Technology",OneTime
10,"31/01/2019,8769,M,20,Technology",OneTime
11,"01/02/2019,6713,M,20,Technology",OneTime
12,"01/02/2019,3453,M,20,Technology",OneTime
13,"03/02/2019,1500,M,20,Technology",Repetitive
14,"03/03/2019,1500,M,20,Technology",Repetitive
15,"03/04/2019,1500,M,20,Technology",Repetitive
16,"03/05/2019,1500,M,20,Technology",Repetitive
17,"28/05/2019,8382,M,20,Technology",OneTime
18,"03/06/2019,1500,M,20,Technology",Repetitive
19,"03/07/2019,1500,M,20,Technology",Repetitive
20,"03/08/2019,1500,M,20,Technology",Repetitive
21,"19/08/2019,2686,M,20,Technology",OneTime
22,"03/09/2019,1500,M,20,Technology",Repetitive
23,"03/10/2019,1500,M,20,Technology",Repetitive
24,"05/10/2019,1545,M,20,Technology",OneTime
25,"12/10/2019,2402,M,20,Technology",OneTime
26,"03/11/2019,1500,M,20,Technology",Repetitive
27,"03/12/2019,1500,M,20,Technology",OneTime
28,"12/12/2019,3781,M,20,Technology",OneTime
29,"03/01/2020,1500,M,20,Technology",OneTime
30,"19/01/2020,6877,M,20,Technology",OneTime
31,"03/02/2020,1500,M,20,Technology",OneTime
32,"03/02/2020,8727,M,20,Technology",OneTime
33,"22/02/2020,4192,M,20,Technology",OneTime
34,"03/03/2020,1500,M,20,Technology",Repetitive
35,"09/05/2020,5000,M,20,Technology",OneTime
36,"20/05/2020,2334,M,20,Technology",OneTime
37,"21/05/2020,440,M,20,Technology",OneTime
38,"18/06/2020,9684,M,20,Technology",OneTime
39,"18/07/2020,711,M,20,Technology",OneTime
