,0,1
0,03/08/2018 1500 m technology,1
1,03/09/2018 1500 m technology,1
2,15/09/2018 2090 m technology,0
3,16/09/2018 9675 m technology,0
4,03/10/2018 1500 m technology,1
5,03/11/2018 1500 m technology,1
6,23/11/2018 4586 m technology,0
7,24/11/2018 9122 m technology,0
8,03/12/2018 1500 m technology,1
9,03/01/2019 1500 m technology,1
10,31/01/2019 8769 m technology,0
11,01/02/2019 6713 m technology,0
12,01/02/2019 3453 m technology,0
13,03/02/2019 1500 m technology,1
14,03/03/2019 1500 m technology,1
15,03/04/2019 1500 m technology,1
16,03/05/2019 1500 m technology,1
17,28/05/2019 8382 m technology,0
18,03/06/2019 1500 m technology,1
19,03/07/2019 1500 m technology,1
20,03/08/2019 1500 m technology,1
21,19/08/2019 2686 m technology,0
22,03/09/2019 1500 m technology,1
23,03/10/2019 1500 m technology,1
24,05/10/2019 1545 m technology,0
25,12/10/2019 2402 m technology,0
26,03/11/2019 1500 m technology,1
27,03/12/2019 1500 m technology,0
28,12/12/2019 3781 m technology,0
29,03/01/2020 1500 m technology,0
30,19/01/2020 6877 m technology,0
31,03/02/2020 1500 m technology,1
32,03/02/2020 8727 m technology,0
33,22/02/2020 4192 m technology,0
34,03/03/2020 1500 m technology,1
35,09/05/2020 5000 m technology,0
36,20/05/2020 2334 m technology,0
37,21/05/2020 440 m technology,0
38,18/06/2020 9684 m technology,0
39,18/07/2020 711 m technology,0
