﻿Date,Transaction_Value,Transaction_Type,Gender,Age,Occupation,Industry
01/01/2019,1500,Instant_Transfer,M,20,Clerk,Technology
02/01/2019,500,Instant_Transfer,M,50,Admin,Technology
03/01/2019,600,Instant_Transfer,M,32,Clerk,Finance
04/01/2019,8000,Instant_Transfer,M,45,CEO,Tourism
07/01/2019,980,Duit_Now,F,25,Accountant,Oil and Gas
09/01/2019,282,Duit_Now,M,55,Marketer,Plantation
10/01/2019,100,Duit_Now,F,18,Customer Support,Technology
11/01/2019,15000,IBG,F,38,Director,Logistic
13/01/2019,1500,Instant_Transfer,M,20,Clerk,Technology
01/02/2019,1500,Duit_Now,M,20,Clerk,Technology
02/02/2019,500,IBG,M,50,Admin,Technology
03/02/2019,600,Duit_Now,M,32,Clerk,Finance
04/02/2019,8000,Instant_Transfer,M,45,CEO,Tourism
07/02/2019,980,Instant_Transfer,F,25,Accountant,Oil and Gas
09/02/2019,282,Instant_Transfer,M,55,Marketer,Plantation
10/02/2019,100,Instant_Transfer,F,18,Customer Support,Technology
11/02/2019,15000,Instant_Transfer,F,38,Director,Logistic
12/02/2019,10000,Instant_Transfer,M,25,Director,Health
12/02/2019,10000,Instant_Transfer,M,25,Director,Health
12/02/2019,10000,Instant_Transfer,M,25,Director,Health
12/02/2019,10000,Instant_Transfer,M,25,Director,Health
12/02/2019,10000,Instant_Transfer,M,25,Director,Health
12/02/2019,10000,Instant_Transfer,M,25,Director,Health
12/02/2019,10000,Duit_Now,M,25,Director,Health
12/02/2019,10000,Duit_Now,M,25,Director,Health
12/02/2019,10000,Duit_Now,M,25,Director,Health
12/02/2019,10000,IBG,M,25,Director,Health
12/02/2019,10000,IBG,M,25,Director,Health
12/02/2019,10000,IBG,M,25,Director,Health
12/02/2019,10000,Duit_Now,M,25,Director,Health
12/02/2019,10000,Instant_Transfer,M,25,Director,Health
12/02/2019,10000,Duit_Now,M,25,Director,Health
12/02/2019,10000,Duit_Now,M,25,Director,Health
12/02/2019,10000,Duit_Now,M,25,Director,Health
12/02/2019,10000,Duit_Now,M,25,Director,Health
12/02/2019,10000,Duit_Now,M,25,Director,Health
12/02/2019,10000,IBG,M,25,Director,Health
13/02/2019,1500,Duit_Now,M,20,Clerk,Technology
01/03/2019,1500,Instant_Transfer,M,20,Clerk,Technology
02/03/2019,500,Instant_Transfer,M,50,Admin,Technology
03/03/2019,600,Duit_Now,M,32,Clerk,Finance
04/03/2019,8000,IBG,M,45,CEO,Tourism
07/03/2019,980,IBG,F,25,Accountant,Oil and Gas
09/03/2019,282,Instant_Transfer,M,55,Marketer,Plantation
10/03/2019,100,Instant_Transfer,F,18,Customer Support,Technology
11/03/2019,15000,Instant_Transfer,F,38,Director,Logistic
13/03/2019,1500,Duit_Now,M,20,Clerk,Technology
01/04/2019,1500,IBG,M,20,Clerk,Technology
02/04/2019,500,Instant_Transfer,M,50,Admin,Technology
03/04/2019,600,Instant_Transfer,M,32,Clerk,Finance
04/04/2019,8000,Duit_Now,M,45,CEO,Tourism
07/04/2019,980,Instant_Transfer,F,25,Accountant,Oil and Gas
09/04/2019,282,IBG,M,55,Marketer,Plantation
10/04/2019,100,Duit_Now,F,18,Customer Support,Technology
11/04/2019,15000,Instant_Transfer,F,38,Director,Logistic
13/04/2019,1500,Instant_Transfer,M,20,Clerk,Technology
01/05/2019,1500,Duit_Now,M,20,Clerk,Technology
02/05/2019,500,Instant_Transfer,M,50,Admin,Technology
03/05/2019,600,Instant_Transfer,M,32,Clerk,Finance
04/05/2019,8000,Instant_Transfer,M,45,CEO,Tourism
07/05/2019,980,IBG,F,25,Accountant,Oil and Gas
09/05/2019,282,Instant_Transfer,M,55,Marketer,Plantation
10/05/2019,100,Duit_Now,F,18,Customer Support,Technology
11/05/2019,15000,Duit_Now,F,38,Director,Logistic
13/05/2019,1500,IBG,M,20,Clerk,Technology
01/06/2019,1500,IBG,M,20,Clerk,Technology
02/06/2019,500,Duit_Now,M,50,Admin,Technology
03/06/2019,600,Instant_Transfer,M,32,Clerk,Finance
04/06/2019,8000,IBG,M,45,CEO,Tourism
07/06/2019,980,Duit_Now,F,25,Accountant,Oil and Gas
09/06/2019,282,Duit_Now,M,55,Marketer,Plantation
10/06/2019,100,IBG,F,18,Customer Support,Technology
11/06/2019,15000,IBG,F,38,Director,Logistic
13/06/2019,1500,Duit_Now,M,20,Clerk,Technology
01/07/2019,1500,IBG,M,20,Clerk,Technology
02/07/2019,500,IBG,M,50,Admin,Technology
03/07/2019,600,Duit_Now,M,32,Clerk,Finance
04/07/2019,8000,IBG,M,45,CEO,Tourism
07/07/2019,980,IBG,F,25,Accountant,Oil and Gas
09/07/2019,282,Instant_Transfer,M,55,Marketer,Plantation
10/07/2019,100,Duit_Now,F,18,Customer Support,Technology
11/07/2019,15000,IBG,F,38,Director,Logistic
13/07/2019,1500,IBG,M,20,Clerk,Technology
01/08/2019,1500,Duit_Now,M,20,Clerk,Technology
02/08/2019,500,IBG,M,50,Admin,Technology
03/08/2019,600,Instant_Transfer,M,32,Clerk,Finance
04/08/2019,8000,Instant_Transfer,M,45,CEO,Tourism
07/08/2019,980,IBG,F,25,Accountant,Oil and Gas
09/08/2019,282,IBG,M,55,Marketer,Plantation
10/08/2019,100,IBG,F,18,Customer Support,Technology
11/08/2019,15000,Instant_Transfer,F,38,Director,Logistic
13/08/2019,1500,Instant_Transfer,M,20,Clerk,Technology
15/08/2019,8826,Instant_Transfer,M,28,Clerk,Construction
16/08/2019,4610,Duit_Now,F,79,Designer,F&B
18/08/2019,5177,IBG,M,93,Engineers,F&B
19/08/2019,8354,Duit_Now,F,41,Accountant,F&B
20/08/2019,1283,Instant_Transfer,F,87,Accountant,Engineering
21/08/2019,9485,Instant_Transfer,F,25,Manager,Plantation
22/08/2019,6574,IBG,M,85,Admin,Engineering
22/08/2019,3008,Instant_Transfer,M,56,QualityControl,F&B
23/08/2019,9745,Instant_Transfer,M,54,Designer,Technology
24/08/2019,2826,Duit_Now,M,77,Clerk,Engineering
26/08/2019,2349,Instant_Transfer,F,64,Clerk,F&B
27/08/2019,3593,Instant_Transfer,M,91,Admin,Plantation
27/08/2019,1751,IBG,F,67,QualityControl,Manufacturing
28/08/2019,6796,Instant_Transfer,F,81,Director,Technology
28/08/2019,9797,Duit_Now,M,46,Manager,Construction
28/08/2019,161,Instant_Transfer,M,56,Manager,Tourism
29/08/2019,8043,IBG,M,40,Sales,Engineering
29/08/2019,8525,Instant_Transfer,M,73,Sales,Construction
29/08/2019,3484,Instant_Transfer,F,83,Marketer,Plantation
31/08/2019,6395,IBG,F,51,Designer,Tourism
01/09/2019,1500,IBG,M,20,Clerk,Technology
01/09/2019,164,Duit_Now,F,62,Marketer,Manufacturing
01/09/2019,609,IBG,M,52,Sales,Manufacturing
02/09/2019,500,Duit_Now,M,50,Admin,Technology
03/09/2019,600,IBG,M,32,Clerk,Finance
03/09/2019,7424,Duit_Now,F,37,Engineers,Plantation
04/09/2019,8000,Duit_Now,M,45,CEO,Tourism
06/09/2019,3064,IBG,M,45,Marketer,Tourism
07/09/2019,980,Instant_Transfer,F,25,Accountant,Oil and Gas
08/09/2019,7879,Duit_Now,M,66,Director,Manufacturing
09/09/2019,282,IBG,M,55,Marketer,Plantation
10/09/2019,100,IBG,F,18,Customer Support,Technology
11/09/2019,15000,Duit_Now,F,38,Director,Logistic
11/09/2019,9358,Duit_Now,F,75,QualityControl,Tourism
11/09/2019,1693,IBG,M,19,QualityControl,Engineering
12/09/2019,9509,Instant_Transfer,M,66,Director,Construction
12/09/2019,6025,Instant_Transfer,F,39,Engineers,Plantation
13/09/2019,1500,Instant_Transfer,M,20,Clerk,Technology
13/09/2019,3485,IBG,F,84,Designer,Tourism
13/09/2019,9849,IBG,F,50,Clerk,Technology
13/09/2019,1873,Duit_Now,M,88,Sales,Engineering
14/09/2019,8393,Duit_Now,F,57,Manager,F&B
16/09/2019,7386,Instant_Transfer,F,40,Manager,Engineering
16/09/2019,9936,Duit_Now,F,78,Accountant,Plantation
17/09/2019,2950,Instant_Transfer,M,19,Clerk,Plantation
18/09/2019,9948,Instant_Transfer,F,71,Accountant,Engineering
20/09/2019,7388,IBG,F,25,Manager,Technology
22/09/2019,9382,Duit_Now,F,42,Director,F&B
22/09/2019,4116,Instant_Transfer,F,90,Accountant,Manufacturing
23/09/2019,9471,Duit_Now,F,84,Accountant,Manufacturing
23/09/2019,5958,Instant_Transfer,F,86,QualityControl,Construction
25/09/2019,2666,Instant_Transfer,M,85,Marketer,Tourism
26/09/2019,1157,IBG,F,99,Admin,Technology
29/09/2019,8035,IBG,F,29,Engineers,Engineering
01/10/2019,1500,IBG,M,20,Clerk,Technology
02/10/2019,500,Duit_Now,M,50,Admin,Technology
02/10/2019,9486,IBG,M,84,Manager,Construction
03/10/2019,600,Instant_Transfer,M,32,Clerk,Finance
04/10/2019,8000,Instant_Transfer,M,45,CEO,Tourism
04/10/2019,5898,IBG,F,97,Manager,F&B
06/10/2019,4274,Duit_Now,F,71,Engineers,Construction
07/10/2019,980,Duit_Now,F,25,Accountant,Oil and Gas
07/10/2019,342,Instant_Transfer,F,66,Engineers,F&B
08/10/2019,7839,Instant_Transfer,M,91,Accountant,Construction
09/10/2019,282,Duit_Now,M,55,Marketer,Plantation
09/10/2019,4383,Duit_Now,M,45,QualityControl,Plantation
09/10/2019,669,Instant_Transfer,F,41,Sales,Engineering
10/10/2019,100,IBG,F,18,Customer Support,Technology
11/10/2019,15000,IBG,F,38,Director,Logistic
11/10/2019,1175,Duit_Now,F,93,Accountant,Plantation
11/10/2019,1266,Duit_Now,F,24,Manager,F&B
12/10/2019,9952,Instant_Transfer,M,38,Clerk,Technology
12/10/2019,7058,IBG,F,63,Director,Technology
13/10/2019,1500,IBG,M,20,Clerk,Technology
13/10/2019,4667,Instant_Transfer,M,56,QualityControl,F&B
13/10/2019,4780,Duit_Now,F,37,Admin,Construction
13/10/2019,7231,Instant_Transfer,F,43,QualityControl,F&B
15/10/2019,702,Instant_Transfer,M,83,Admin,Technology
15/10/2019,1386,IBG,F,51,Accountant,F&B
16/10/2019,2627,IBG,M,48,QualityControl,F&B
18/10/2019,9402,Instant_Transfer,M,50,Director,Plantation
19/10/2019,4950,Instant_Transfer,M,31,Manager,F&B
20/10/2019,1234,IBG,M,36,QualityControl,Tourism
21/10/2019,5727,Instant_Transfer,F,99,Sales,Construction
22/10/2019,8195,Duit_Now,F,42,Marketer,Plantation
22/10/2019,7410,IBG,F,49,Director,Technology
23/10/2019,2036,Instant_Transfer,M,84,Manager,Construction
26/10/2019,7896,IBG,M,96,Director,Plantation
30/10/2019,3417,Duit_Now,F,41,Director,Technology
30/10/2019,7092,Instant_Transfer,F,52,QualityControl,Tourism
01/11/2019,1500,IBG,M,20,Clerk,Technology
01/11/2019,268,IBG,F,40,Designer,Manufacturing
01/11/2019,986,Duit_Now,F,52,Manager,Technology
02/11/2019,500,Duit_Now,M,50,Admin,Technology
03/11/2019,600,Instant_Transfer,M,32,Clerk,Finance
04/11/2019,8000,IBG,M,45,CEO,Tourism
04/11/2019,4669,IBG,M,86,Accountant,F&B
04/11/2019,6857,Instant_Transfer,F,91,Engineers,Construction
06/11/2019,6072,IBG,M,72,Director,F&B
06/11/2019,990,Duit_Now,F,74,Manager,Technology
07/11/2019,980,Duit_Now,F,25,Accountant,Oil and Gas
09/11/2019,282,IBG,M,55,Marketer,Plantation
09/11/2019,2721,IBG,M,56,Engineers,Technology
09/11/2019,9188,IBG,M,77,Clerk,F&B
10/11/2019,100,Duit_Now,F,18,Customer Support,Technology
10/11/2019,6199,Duit_Now,M,93,Admin,Manufacturing
10/11/2019,7893,Duit_Now,M,26,Manager,Plantation
11/11/2019,15000,IBG,F,38,Director,Logistic
13/11/2019,1500,Instant_Transfer,M,20,Clerk,Technology
14/11/2019,8823,IBG,F,34,QualityControl,Technology
16/11/2019,5774,IBG,F,67,Director,F&B
16/11/2019,8032,Instant_Transfer,F,31,Marketer,Manufacturing
16/11/2019,2288,Instant_Transfer,M,69,QualityControl,Plantation
18/11/2019,8560,Duit_Now,F,83,Marketer,Technology
18/11/2019,2204,IBG,M,43,Accountant,F&B
18/11/2019,2371,IBG,F,18,Designer,Technology
21/11/2019,8328,Instant_Transfer,M,62,Marketer,Technology
24/11/2019,2469,Duit_Now,F,32,Director,F&B
25/11/2019,7480,IBG,M,88,Marketer,Technology
26/11/2019,5629,Instant_Transfer,M,84,QualityControl,Engineering
27/11/2019,9921,IBG,M,31,Clerk,Technology
27/11/2019,2394,Duit_Now,F,39,Marketer,Construction
28/11/2019,4571,Duit_Now,F,48,Engineers,Engineering
28/11/2019,8905,Instant_Transfer,M,91,Manager,Manufacturing
28/11/2019,4687,Instant_Transfer,F,83,QualityControl,Construction
30/11/2019,3433,Instant_Transfer,F,81,Marketer,Tourism
30/11/2019,4872,IBG,F,26,Accountant,Manufacturing
01/12/2019,1500,IBG,M,20,Clerk,Technology
02/12/2019,500,IBG,M,50,Admin,Technology
03/12/2019,600,Duit_Now,M,32,Clerk,Finance
03/12/2019,9408,Instant_Transfer,F,32,Sales,Technology
04/12/2019,8000,IBG,M,45,CEO,Tourism
05/12/2019,7181,IBG,M,61,Designer,F&B
07/12/2019,980,Instant_Transfer,F,25,Accountant,Oil and Gas
07/12/2019,51,Duit_Now,F,86,Manager,Engineering
09/12/2019,282,IBG,M,55,Marketer,Plantation
10/12/2019,100,Instant_Transfer,F,18,Customer Support,Technology
10/12/2019,3445,Duit_Now,M,41,Director,F&B
11/12/2019,15000,IBG,F,38,Director,Logistic
11/12/2019,1792,IBG,F,29,Marketer,Technology
13/12/2019,1500,Duit_Now,M,20,Clerk,Technology
13/12/2019,1344,Duit_Now,F,90,Director,Plantation
13/12/2019,4184,IBG,M,97,Sales,Engineering
13/12/2019,5995,Duit_Now,M,96,Accountant,F&B
14/12/2019,9854,Duit_Now,M,24,Accountant,Plantation
15/12/2019,4451,Instant_Transfer,M,34,Marketer,Tourism
15/12/2019,5394,Duit_Now,M,30,Manager,Tourism
17/12/2019,834,IBG,F,50,QualityControl,F&B
18/12/2019,9009,Duit_Now,F,20,Manager,Engineering
18/12/2019,4393,Duit_Now,M,93,Designer,Tourism
18/12/2019,9842,Instant_Transfer,M,83,Admin,Tourism
19/12/2019,7893,IBG,M,98,Sales,Manufacturing
19/12/2019,1189,Duit_Now,M,19,Director,Construction
20/12/2019,1917,Duit_Now,M,29,Marketer,Plantation
22/12/2019,7716,Duit_Now,M,92,Manager,Manufacturing
25/12/2019,8269,IBG,F,45,Sales,Engineering
26/12/2019,2244,Duit_Now,F,42,Accountant,Technology
27/12/2019,5378,Duit_Now,F,57,Manager,Construction
28/12/2019,2068,Duit_Now,M,64,Manager,F&B
01/01/2020,1500,Duit_Now,M,20,Clerk,Technology
01/01/2020,6933,Instant_Transfer,M,46,QualityControl,Technology
01/01/2020,856,Instant_Transfer,F,39,Accountant,F&B
02/01/2020,500,IBG,M,50,Admin,Technology
03/01/2020,600,Duit_Now,M,32,Clerk,Finance
04/01/2020,8000,IBG,M,45,CEO,Tourism
04/01/2020,4982,IBG,M,70,QualityControl,Engineering
05/01/2020,5384,IBG,M,97,Clerk,Tourism
07/01/2020,980,Duit_Now,F,25,Accountant,Oil and Gas
07/01/2020,224,IBG,F,77,Admin,Plantation
08/01/2020,1801,IBG,M,52,Designer,Construction
09/01/2020,282,Duit_Now,M,55,Marketer,Plantation
10/01/2020,100,Instant_Transfer,F,18,Customer Support,Technology
10/01/2020,4807,Duit_Now,F,46,Manager,Manufacturing
11/01/2020,15000,IBG,F,38,Director,Logistic
11/01/2020,6588,IBG,F,75,Sales,Technology
12/01/2020,5363,Duit_Now,M,80,Director,Construction
13/01/2020,1500,IBG,M,20,Clerk,Technology
13/01/2020,2700,IBG,M,87,Marketer,Manufacturing
14/01/2020,6075,IBG,M,53,Engineers,Tourism
16/01/2020,629,Duit_Now,F,58,Designer,Construction
18/01/2020,5111,Duit_Now,M,49,Clerk,Manufacturing
18/01/2020,1570,Duit_Now,F,53,QualityControl,Technology
19/01/2020,6804,IBG,M,50,Sales,F&B
21/01/2020,4827,Duit_Now,F,20,Director,Manufacturing
22/01/2020,5695,Instant_Transfer,F,61,Accountant,Plantation
23/01/2020,887,IBG,F,85,Designer,Construction
24/01/2020,1680,Instant_Transfer,F,50,Designer,Construction
24/01/2020,234,IBG,F,72,Director,Plantation
25/01/2020,6130,Duit_Now,M,98,Director,Technology
28/01/2020,1114,IBG,F,41,Designer,Manufacturing
28/01/2020,4393,IBG,M,63,Accountant,F&B
01/02/2020,1500,Duit_Now,M,20,Clerk,Technology
01/02/2020,2859,Duit_Now,F,53,Engineers,Manufacturing
02/02/2020,500,Duit_Now,M,50,Admin,Technology
03/02/2020,600,Duit_Now,M,32,Clerk,Finance
03/02/2020,6143,Instant_Transfer,M,41,QualityControl,Manufacturing
03/02/2020,2992,Instant_Transfer,F,92,Engineers,Construction
03/02/2020,3062,Instant_Transfer,M,43,Clerk,Plantation
04/02/2020,8000,IBG,M,45,CEO,Tourism
06/02/2020,6110,Duit_Now,F,73,Admin,Manufacturing
07/02/2020,980,Instant_Transfer,F,25,Accountant,Oil and Gas
07/02/2020,3257,Instant_Transfer,M,50,QualityControl,Technology
08/02/2020,1336,Instant_Transfer,F,51,Clerk,Plantation
08/02/2020,7364,Instant_Transfer,M,22,Director,Construction
09/02/2020,282,Duit_Now,M,55,Marketer,Plantation
10/02/2020,100,Duit_Now,F,18,Customer Support,Technology
10/02/2020,9787,Duit_Now,F,74,Engineers,Construction
11/02/2020,15000,Instant_Transfer,F,38,Director,Logistic
12/02/2020,8316,Instant_Transfer,M,49,Director,Tourism
13/02/2020,1500,Duit_Now,M,20,Clerk,Technology
15/02/2020,3527,Duit_Now,M,65,Sales,Plantation
16/02/2020,4107,Instant_Transfer,F,55,Director,Engineering
18/02/2020,6736,Instant_Transfer,F,80,QualityControl,F&B
18/02/2020,9753,Instant_Transfer,F,40,Admin,Engineering
19/02/2020,5315,IBG,F,57,Accountant,Manufacturing
19/02/2020,9118,Duit_Now,M,33,QualityControl,F&B
20/02/2020,6411,Duit_Now,M,60,Clerk,Engineering
23/02/2020,8273,Duit_Now,M,32,Admin,Tourism
27/02/2020,4123,Duit_Now,F,54,Admin,Engineering
27/02/2020,5430,IBG,M,89,Admin,F&B
27/02/2020,6742,Instant_Transfer,M,87,Designer,F&B
28/02/2020,9527,IBG,M,68,Marketer,Manufacturing
29/02/2020,3672,Instant_Transfer,F,73,Designer,F&B
29/02/2020,9703,IBG,F,34,Accountant,Plantation
01/03/2020,1500,Duit_Now,M,20,Clerk,Technology
01/03/2020,8508,IBG,F,81,Designer,F&B
01/03/2020,2419,Instant_Transfer,F,55,Sales,F&B
02/03/2020,500,Duit_Now,M,50,Admin,Technology
02/03/2020,545,Duit_Now,F,42,Admin,Manufacturing
03/03/2020,600,IBG,M,32,Clerk,Finance
04/03/2020,8000,IBG,M,45,CEO,Tourism
04/03/2020,2351,Instant_Transfer,F,56,Director,Technology
04/03/2020,1222,Instant_Transfer,F,70,Director,Engineering
04/03/2020,4148,Duit_Now,M,79,Accountant,F&B
07/03/2020,980,IBG,F,25,Accountant,Oil and Gas
07/03/2020,6571,IBG,F,43,Marketer,F&B
08/03/2020,8655,Instant_Transfer,M,43,Manager,Construction
09/03/2020,282,Instant_Transfer,M,55,Marketer,Plantation
10/03/2020,100,Instant_Transfer,F,18,Customer Support,Technology
11/03/2020,15000,IBG,F,38,Director,Logistic
11/03/2020,863,Instant_Transfer,F,71,Accountant,Technology
11/03/2020,3299,Instant_Transfer,F,32,Marketer,Manufacturing
12/03/2020,2916,Duit_Now,M,65,Clerk,Tourism
13/03/2020,1500,IBG,M,20,Clerk,Technology
13/03/2020,1731,IBG,M,20,Director,F&B
17/03/2020,1519,Duit_Now,M,61,Designer,Plantation
18/03/2020,6999,Instant_Transfer,F,25,Accountant,Technology
18/03/2020,9152,Duit_Now,M,24,Engineers,Plantation
19/03/2020,8577,IBG,F,57,Admin,Tourism
20/03/2020,3190,IBG,M,18,Admin,Technology
25/03/2020,3541,Instant_Transfer,F,69,Designer,Engineering
25/03/2020,9224,IBG,F,24,Marketer,Engineering
27/03/2020,8314,Instant_Transfer,M,38,Engineers,Manufacturing
27/03/2020,3936,Instant_Transfer,F,26,Director,Engineering
27/03/2020,3572,Duit_Now,M,56,Designer,Construction
28/03/2020,7699,IBG,M,31,Director,Tourism
29/03/2020,3802,Instant_Transfer,F,45,Manager,Plantation
30/03/2020,1435,Duit_Now,M,98,Engineers,Manufacturing
31/03/2020,4355,Instant_Transfer,F,62,Admin,Tourism
31/03/2020,5730,IBG,M,41,Accountant,Plantation
01/04/2020,1500,Instant_Transfer,M,20,Clerk,Technology
01/04/2020,6814,Instant_Transfer,F,79,Manager,Tourism
02/04/2020,500,Instant_Transfer,M,50,Admin,Technology
03/04/2020,600,Duit_Now,M,32,Clerk,Finance
03/04/2020,2586,IBG,M,65,Director,F&B
04/04/2020,8000,Instant_Transfer,M,45,CEO,Tourism
05/04/2020,2902,IBG,F,68,Accountant,Tourism
06/04/2020,1666,Instant_Transfer,M,23,Engineers,Technology
07/04/2020,980,IBG,F,25,Accountant,Oil and Gas
07/04/2020,8385,IBG,M,78,Director,Engineering
07/04/2020,7108,IBG,M,73,Accountant,Engineering
07/04/2020,6043,Duit_Now,F,35,Marketer,Manufacturing
07/04/2020,5434,IBG,F,61,Engineers,Tourism
07/04/2020,7480,Instant_Transfer,M,96,Director,Construction
09/04/2020,282,Instant_Transfer,M,55,Marketer,Plantation
09/04/2020,4401,IBG,F,58,Director,Engineering
10/04/2020,100,Duit_Now,F,18,Customer Support,Technology
11/04/2020,15000,IBG,F,38,Director,Logistic
13/04/2020,1500,Duit_Now,M,20,Clerk,Technology
16/04/2020,1912,Duit_Now,F,46,Engineers,Plantation
16/04/2020,9566,Instant_Transfer,M,80,Accountant,Manufacturing
17/04/2020,8488,IBG,F,65,Manager,Manufacturing
18/04/2020,488,Instant_Transfer,M,40,Designer,Engineering
22/04/2020,7631,IBG,M,28,Engineers,Engineering
23/04/2020,1947,IBG,M,21,QualityControl,Tourism
23/04/2020,7102,Duit_Now,F,28,Designer,Tourism
24/04/2020,5577,Instant_Transfer,M,36,QualityControl,Tourism
26/04/2020,9214,Duit_Now,F,42,Admin,Manufacturing
26/04/2020,2105,Instant_Transfer,M,37,Admin,Manufacturing
26/04/2020,8040,Instant_Transfer,F,52,Admin,Engineering
28/04/2020,7597,Duit_Now,M,64,Marketer,Technology
30/04/2020,4591,IBG,F,32,Designer,Plantation
30/04/2020,8932,IBG,F,87,Designer,Engineering
01/05/2020,1500,IBG,M,20,Clerk,Technology
01/05/2020,6611,Duit_Now,F,56,Director,Plantation
02/05/2020,500,Instant_Transfer,M,50,Admin,Technology
03/05/2020,600,Instant_Transfer,M,32,Clerk,Finance
04/05/2020,8000,IBG,M,45,CEO,Tourism
05/05/2020,7505,Instant_Transfer,F,46,Engineers,Engineering
06/05/2020,2222,Instant_Transfer,F,69,QualityControl,Tourism
07/05/2020,980,Duit_Now,F,25,Accountant,Oil and Gas
07/05/2020,5823,Duit_Now,M,51,Clerk,Technology
07/05/2020,3302,Duit_Now,M,82,Accountant,Technology
08/05/2020,2901,IBG,F,52,Marketer,Tourism
09/05/2020,282,Duit_Now,M,55,Marketer,Plantation
09/05/2020,2129,Duit_Now,F,26,Sales,Manufacturing
09/05/2020,7329,Instant_Transfer,M,62,Clerk,Technology
10/05/2020,100,IBG,F,18,Customer Support,Technology
11/05/2020,15000,IBG,F,38,Director,Logistic
13/05/2020,1500,IBG,M,20,Clerk,Technology
16/05/2020,1643,Duit_Now,F,34,Engineers,Engineering
17/05/2020,8189,IBG,F,54,Manager,Manufacturing
19/05/2020,4340,IBG,M,75,Admin,Tourism
20/05/2020,4662,Duit_Now,M,61,Manager,Technology
21/05/2020,4012,IBG,M,44,Accountant,Manufacturing
22/05/2020,3823,Duit_Now,M,60,Admin,Technology
23/05/2020,5635,Instant_Transfer,F,19,Admin,Manufacturing
26/05/2020,9635,Instant_Transfer,M,32,Director,Engineering
27/05/2020,8473,Duit_Now,F,29,Admin,Manufacturing
27/05/2020,558,Instant_Transfer,F,44,Director,Manufacturing
01/06/2020,1500,Instant_Transfer,M,20,Clerk,Technology
01/06/2020,2160,Instant_Transfer,M,59,Accountant,Plantation
01/06/2020,4254,Duit_Now,M,65,Engineers,Plantation
02/06/2020,500,IBG,M,50,Admin,Technology
03/06/2020,600,Duit_Now,M,32,Clerk,Finance
04/06/2020,8000,Duit_Now,M,45,CEO,Tourism
04/06/2020,6042,Instant_Transfer,M,75,Accountant,Engineering
07/06/2020,980,Duit_Now,F,25,Accountant,Oil and Gas
08/06/2020,3063,Instant_Transfer,F,23,Sales,Construction
09/06/2020,282,Duit_Now,M,55,Marketer,Plantation
10/06/2020,100,IBG,F,18,Customer Support,Technology
10/06/2020,9679,IBG,M,40,Clerk,Construction
11/06/2020,15000,Instant_Transfer,F,38,Director,Logistic
13/06/2020,1500,Duit_Now,M,20,Clerk,Technology
14/06/2020,7794,IBG,F,89,QualityControl,F&B
14/06/2020,5138,IBG,F,53,Sales,F&B
16/06/2020,1854,IBG,M,56,Sales,Construction
18/06/2020,3264,Duit_Now,F,75,Designer,Construction
19/06/2020,128,Duit_Now,F,53,Engineers,Technology
20/06/2020,5382,Instant_Transfer,M,30,Director,Engineering
21/06/2020,5506,Instant_Transfer,F,92,Designer,F&B
23/06/2020,2640,Instant_Transfer,M,55,Clerk,Tourism
24/06/2020,2340,Instant_Transfer,M,98,Admin,F&B
26/06/2020,9057,Instant_Transfer,F,53,Manager,Manufacturing
27/06/2020,5633,IBG,M,39,Engineers,Tourism
29/06/2020,4875,IBG,F,51,QualityControl,Manufacturing
29/06/2020,78,IBG,M,33,Clerk,Manufacturing
29/06/2020,5623,IBG,F,55,Clerk,Technology
30/06/2020,8182,IBG,F,55,Accountant,F&B
01/07/2020,1500,Duit_Now,M,20,Clerk,Technology
02/07/2020,500,Instant_Transfer,M,50,Admin,Technology
02/07/2020,9767,IBG,F,94,Admin,Tourism
03/07/2020,600,Instant_Transfer,M,32,Clerk,Finance
03/07/2020,2922,Instant_Transfer,F,50,Marketer,Technology
04/07/2020,8000,IBG,M,45,CEO,Tourism
07/07/2020,980,IBG,F,25,Accountant,Oil and Gas
08/07/2020,8723,Duit_Now,M,77,Clerk,Engineering
09/07/2020,282,IBG,M,55,Marketer,Plantation
10/07/2020,100,IBG,F,18,Customer Support,Technology
11/07/2020,15000,IBG,F,38,Director,Logistic
11/07/2020,7179,Duit_Now,M,89,Marketer,Technology
11/07/2020,8263,Instant_Transfer,F,97,Sales,Construction
13/07/2020,1500,Instant_Transfer,M,20,Clerk,Technology
13/07/2020,6938,Instant_Transfer,F,92,Clerk,Tourism
13/07/2020,8141,IBG,M,56,Admin,F&B
14/07/2020,281,Duit_Now,M,88,QualityControl,F&B
14/07/2020,6379,Duit_Now,M,71,Manager,Manufacturing
15/07/2020,5952,Instant_Transfer,M,84,Director,F&B
16/07/2020,448,Instant_Transfer,M,82,Designer,Manufacturing
19/07/2020,8899,IBG,F,30,QualityControl,Plantation
20/07/2020,6914,IBG,M,76,Director,Construction
20/07/2020,3643,IBG,M,64,Engineers,Manufacturing
22/07/2020,2940,Instant_Transfer,M,53,Clerk,Tourism
23/07/2020,2397,Duit_Now,M,69,Marketer,Construction
23/07/2020,3167,Instant_Transfer,M,81,Clerk,Manufacturing
25/07/2020,6771,Instant_Transfer,F,80,Marketer,Plantation
25/07/2020,4471,Instant_Transfer,M,73,Designer,Tourism
26/07/2020,7716,IBG,F,85,Accountant,Construction
26/07/2020,5352,IBG,M,34,Admin,Manufacturing
26/07/2020,1591,Duit_Now,F,86,Admin,Manufacturing
27/07/2020,9452,IBG,F,92,Sales,F&B
28/07/2020,8756,Duit_Now,F,29,Admin,F&B
28/07/2020,5696,Duit_Now,M,49,Sales,F&B
29/07/2020,3313,IBG,F,76,Manager,Plantation
30/07/2020,9437,IBG,F,46,Clerk,Manufacturing
30/07/2020,4508,IBG,F,47,Marketer,Construction
01/08/2020,1500,Instant_Transfer,M,20,Clerk,Technology
01/08/2020,2262,Duit_Now,F,75,Admin,Tourism
02/08/2020,500,IBG,M,50,Admin,Technology
02/08/2020,7545,IBG,M,31,QualityControl,Tourism
03/08/2020,600,Duit_Now,M,32,Clerk,Finance
03/08/2020,6668,IBG,F,90,Clerk,Technology
03/08/2020,8518,Duit_Now,F,79,Designer,Manufacturing
04/08/2020,8000,Instant_Transfer,M,45,CEO,Tourism
05/08/2020,3855,IBG,M,78,Accountant,Engineering
06/08/2020,4226,Instant_Transfer,M,89,Engineers,Engineering
06/08/2020,6560,Instant_Transfer,F,80,QualityControl,Tourism
07/08/2020,980,IBG,F,25,Accountant,Oil and Gas
08/08/2020,6269,IBG,M,70,Sales,Construction
09/08/2020,282,Duit_Now,M,55,Marketer,Plantation
09/08/2020,2021,IBG,M,30,Designer,F&B
10/08/2020,100,IBG,F,18,Customer Support,Technology
10/08/2020,6487,Duit_Now,F,91,Clerk,F&B
11/08/2020,15000,Duit_Now,F,38,Director,Logistic
12/08/2020,6183,Instant_Transfer,F,78,QualityControl,Tourism
13/08/2020,1500,Duit_Now,M,20,Clerk,Technology
13/08/2020,2262,IBG,M,89,Manager,Engineering
14/08/2020,8427,IBG,M,72,Clerk,Engineering